"Year","Month","Day","Hour","Temperature","Dew Point","Relative Humidity","Wind Speed","
"
"2020","1","1","0","-1","-4.7","76","16"
"2020","1","1","1","-1.1","-4.9","75","16"
"2020","1","1","2","-1.3","-5.2","75","10"
"2020","1","1","3","-1.4","-5","76","9"
"2020","1","1","4","-1.5","-4.6","79","10"
"2020","1","1","5","-1.9","-4.8","80","16"
"2020","1","1","6","-1.6","-4.4","81","17"
"2020","1","1","7","-1.6","-5","78","18"
"2020","1","1","8","-1.6","-5.4","75","13"
"2020","1","1","9","-1.4","-4.4","80","11"
"2020","1","1","10","-0.9","-3.7","82","16"
"2020","1","1","11","-0.7","-3.8","80","18"
"2020","1","1","12","-0.5","-4.8","73","24"
"2020","1","1","13","-0.8","-5.6","70","19"
"2020","1","1","14","-0.8","-6.3","66","15"
"2020","1","1","15","-1.3","-7.3","64","17"
"2020","1","1","16","-1","-6.7","65","15"
"2020","1","1","17","-2","-7.6","66","14"
"2020","1","1","18","-3","-7.6","70","14"
"2020","1","1","19","-2.4","-7.4","69","21"
"2020","1","1","20","-2.2","-6.4","73","21"
"2020","1","1","21","-2.1","-6","75","18"
"2020","1","1","22","-2","-5.1","80","18"
"2020","1","1","23","-2.1","-4.3","85","19"
"2020","1","2","0","-1.2","-3.2","86","17"
"2020","1","2","1","-0.3","-2.5","85","19"
"2020","1","2","2","-0.1","-2.5","84","17"
"2020","1","2","3","0.6","-1.9","84","20"
"2020","1","2","4","1.4","-1.2","83","21"
"2020","1","2","5","2.1","-0.9","80","22"
"2020","1","2","6","2.8","-0.9","76","21"
"2020","1","2","7","3.1","-1.2","74","21"
"2020","1","2","8","3.4","-1.6","69","23"
"2020","1","2","9","3.8","-1.8","67","28"
"2020","1","2","10","4.8","-2.1","61","26"
"2020","1","2","11","4.5","-2.1","62","28"
"2020","1","2","12","5.6","-1.9","58","25"
"2020","1","2","13","5.9","-1.9","57","26"
"2020","1","2","14","6","-1.8","57","29"
"2020","1","2","15","6.1","-1.7","58","27"
"2020","1","2","16","5.8","-1.4","60","29"
"2020","1","2","17","5.8","-0.8","62","27"
"2020","1","2","18","5.5","-0.3","66","25"
"2020","1","2","19","5.6","0.2","68","24"
"2020","1","2","20","5.7","0.5","69","22"
"2020","1","2","21","5.6","1","72","19"
"2020","1","2","22","5.6","1","72","23"
"2020","1","2","23","5","1","75","18"
"2020","1","3","0","5","1.6","79","21"
"2020","1","3","1","5.5","2.2","79","17"
"2020","1","3","2","5.9","2.5","79","19"
"2020","1","3","3","5.2","2.5","83","15"
"2020","1","3","4","4.6","2.2","84","13"
"2020","1","3","5","5.2","2.9","85","20"
"2020","1","3","6","5.6","3.1","84","14"
"2020","1","3","7","5.8","3.2","84","14"
"2020","1","3","8","5.5","3.2","85","12"
"2020","1","3","9","5.8","3.5","85","12"
"2020","1","3","10","6.4","3.5","82","13"
"2020","1","3","11","6.6","3.1","78","9"
"2020","1","3","12","6.5","2.8","77","14"
"2020","1","3","13","6.4","2.5","76","15"
"2020","1","3","14","6.1","1.5","73","20"
"2020","1","3","15","6","1","70","16"
"2020","1","3","16","5.7","0.8","71","16"
"2020","1","3","17","5.2","0.1","70","16"
"2020","1","3","18","4.8","-0.5","68","10"
"2020","1","3","19","4.2","-1.2","68","8"
"2020","1","3","20","3.4","0.3","80","13"
"2020","1","3","21","3","0.1","81","17"
"2020","1","3","22","2.8","-0.1","82","19"
"2020","1","3","23","2.8","-0.3","80","16"
"2020","1","4","0","2.6","-0.7","79","16"
"2020","1","4","1","2.3","-1.1","78","19"
"2020","1","4","2","2.1","-1.5","77","20"
"2020","1","4","3","2","-2","75","16"
"2020","1","4","4","1.8","-2.1","75","16"
"2020","1","4","5","0.6","-0.8","90","15"
"2020","1","4","6","0.2","-0.5","95","16"
"2020","1","4","7","0","-0.5","96","17"
"2020","1","4","8","0.2","-0.4","96","12"
"2020","1","4","9","0.1","-0.9","92","12"
"2020","1","4","10","0.6","-1.4","86","10"
"2020","1","4","11","0.9","-1.9","81","5"
"2020","1","4","12","1.2","-1.4","82","6"
"2020","1","4","13","1.5","-1.9","78","24"
"2020","1","4","14","2.2","-3","68","25"
"2020","1","4","15","2","-2.9","70","21"
"2020","1","4","16","1.4","-3.2","71","23"
"2020","1","4","17","1.5","-4","67","23"
"2020","1","4","18","1","-2.8","76","18"
"2020","1","4","19","0.8","-2.9","77","20"
"2020","1","4","20","0.1","-1.5","89","10"
"2020","1","4","21","0.1","-2.3","84","16"
"2020","1","4","22","-0.1","-5.2","68","24"
"2020","1","4","23","-0.1","-4.7","71","27"
"2020","1","5","0","-0.4","-5.7","68","29"
"2020","1","5","1","-0.5","-6","66","25"
"2020","1","5","2","-0.6","-6","67","22"
"2020","1","5","3","-0.6","-5","72","23"
"2020","1","5","4","-0.6","-4.8","73","25"
"2020","1","5","5","-0.7","-4.9","73","20"
"2020","1","5","6","-1.1","-6.1","69","25"
"2020","1","5","7","-1.7","-7.2","66","25"
"2020","1","5","8","-2.8","-7.7","69","10"
"2020","1","5","9","-1","-6.8","65","18"
"2020","1","5","10","-0.3","-6","65","18"
"2020","1","5","11","0.2","-4.6","70","8"
"2020","1","5","12","0.4","-4.1","72","12"
"2020","1","5","13","0.5","-4","72","8"
"2020","1","5","14","0.7","-3.3","75","9"
"2020","1","5","15","0.9","-3.7","71","9"
"2020","1","5","16","0.8","-4","71","18"
"2020","1","5","17","0.9","-5","65","16"
"2020","1","5","18","-0.1","-4","75","19"
"2020","1","5","19","-1.1","-2.6","89","19"
"2020","1","5","20","-1.2","-2","95","21"
"2020","1","5","21","-1.1","-1.7","96","29"
"2020","1","5","22","-0.9","-1.5","95","26"
"2020","1","5","23","-0.5","-1.2","95","26"
"2020","1","6","0","-0.1","-1","94","22"
"2020","1","6","1","0.2","-0.7","94","20"
"2020","1","6","2","0.4","-0.5","94","21"
"2020","1","6","3","0.6","-0.4","93","17"
"2020","1","6","4","0.9","-0.7","89","13"
"2020","1","6","5","1","-1.2","85","12"
"2020","1","6","6","1.2","-1.5","82","17"
"2020","1","6","7","1.1","-2.5","77","24"
"2020","1","6","8","0.2","-3.4","77","17"
"2020","1","6","9","0.6","-2.3","81","15"
"2020","1","6","10","0.9","-4.1","69","32"
"2020","1","6","11","0.7","-4.8","67","26"
"2020","1","6","12","1.2","-4.5","66","17"
"2020","1","6","13","0.6","-6.1","61","28"
"2020","1","6","14","1","-5.9","60","24"
"2020","1","6","15","1","-5.2","63","24"
"2020","1","6","16","1.3","-5","63","32"
"2020","1","6","17","1.3","-4.9","64","27"
"2020","1","6","18","1.2","-4.4","67","34"
"2020","1","6","19","0.2","-7.9","55","41"
"2020","1","6","20","-0.8","-8.6","56","19"
"2020","1","6","21","-2.6","-9","61","10"
"2020","1","6","22","-2.8","-8.6","65","5"
"2020","1","6","23","-4","-9.2","67","10"
"2020","1","7","0","-4.8","-8.5","76","12"
"2020","1","7","1","-4.8","-9","73","11"
"2020","1","7","2","-5","-9.2","73","12"
"2020","1","7","3","-3.8","-9","67","15"
"2020","1","7","4","-4","-8.3","72","17"
"2020","1","7","5","-4.5","-8","77","5"
"2020","1","7","6","-4","-7.7","75","16"
"2020","1","7","7","-4.1","-7.5","77","7"
"2020","1","7","8","-3.2","-6.4","79","9"
"2020","1","7","9","-1.9","-4.9","80","18"
"2020","1","7","10","-0.5","-4.5","74","15"
"2020","1","7","11","0.5","-4.4","70","18"
"2020","1","7","12","1.8","-3.9","66","16"
"2020","1","7","13","3.5","-2.4","66","15"
"2020","1","7","14","3.3","-2.9","64","22"
"2020","1","7","15","3.5","-2.9","63","21"
"2020","1","7","16","3.6","-3","62","23"
"2020","1","7","17","3.1","-3.1","64","21"
"2020","1","7","18","2.6","-3.2","66","18"
"2020","1","7","19","2.3","-3.2","67","20"
"2020","1","7","20","1.8","-2.4","74","21"
"2020","1","7","21","1.2","-2.3","77","18"
"2020","1","7","22","0.5","-1.9","84","13"
"2020","1","7","23","-0.5","-2.8","84","12"
"2020","1","8","0","-0.5","-3","83","13"
"2020","1","8","1","-1","-3.8","82","6"
"2020","1","8","2","-1.2","-3.6","84","18"
"2020","1","8","3","-1.6","-2.6","92","17"
"2020","1","8","4","-2.3","-3.6","91","12"
"2020","1","8","5","-3.5","-5.8","84","22"
"2020","1","8","6","-3.2","-6.1","81","27"
"2020","1","8","7","-4","-8.8","69","27"
"2020","1","8","8","-4.8","-9.4","70","29"
"2020","1","8","9","-4.6","-7.1","82","25"
"2020","1","8","10","-4.2","-9.4","67","29"
"2020","1","8","11","-4.5","-11.6","58","32"
"2020","1","8","12","-4.5","-13.3","50","35"
"2020","1","8","13","-5.3","-12.5","57","36"
"2020","1","8","14","-5","-11","63","29"
"2020","1","8","15","-5.8","-13.1","57","39"
"2020","1","8","16","-6.2","-13.2","58","30"
"2020","1","8","17","-6.5","-13.7","57","36"
"2020","1","8","18","-7.3","-14.3","58","34"
"2020","1","8","19","-7.8","-13.8","62","30"
"2020","1","8","20","-8.1","-14.5","61","26"
"2020","1","8","21","-8.3","-15","59","27"
"2020","1","8","22","-8.2","-14.8","60","26"
"2020","1","8","23","-8.1","-14.6","60","21"
"2020","1","9","0","-8.8","-14.8","62","19"
"2020","1","9","1","-9.2","-15.4","61","13"
"2020","1","9","2","-9.8","-15.1","66","5"
"2020","1","9","3","-10.7","-15.7","67","7"
"2020","1","9","4","-10.5","-15.2","69","10"
"2020","1","9","5","-10.8","-15.2","71","10"
"2020","1","9","6","-11","-14.9","74","5"
"2020","1","9","7","-10.1","-13.6","76","17"
"2020","1","9","8","-9.9","-13.6","74","22"
"2020","1","9","9","-8.8","-12.2","77","27"
"2020","1","9","10","-7.1","-9.2","85","12"
"2020","1","9","11","-5.4","-9.8","72","24"
"2020","1","9","12","-5","-9.8","70","21"
"2020","1","9","13","-4.8","-9.8","68","26"
"2020","1","9","14","-4.5","-9.5","68","26"
"2020","1","9","15","-4.1","-9","69","17"
"2020","1","9","16","-3.8","-8.9","68","24"
"2020","1","9","17","-3.3","-8.9","66","16"
"2020","1","9","18","-2.9","-8.8","64","17"
"2020","1","9","19","-2.2","-7.9","65","16"
"2020","1","9","20","-1.1","-6.4","68","18"
"2020","1","9","21","-0.3","-6","66","17"
"2020","1","9","22","0.3","-5.4","66","14"
"2020","1","9","23","0.8","-5","66","12"
"2020","1","10","0","1.2","-4.4","66","20"
"2020","1","10","1","1.4","-3.7","69","21"
"2020","1","10","2","1.9","-2.6","72","9"
"2020","1","10","3","3.3","-1.5","71","18"
"2020","1","10","4","6.4","2.6","76","27"
"2020","1","10","5","6.4","3","78","31"
"2020","1","10","6","6.2","4.1","86","32"
"2020","1","10","7","6.4","4.2","86","29"
"2020","1","10","8","6.3","4.4","88","31"
"2020","1","10","9","6","4.6","90","25"
"2020","1","10","10","6.1","4.8","92","26"
"2020","1","10","11","6.4","5.2","92","23"
"2020","1","10","12","6.4","5.4","94","22"
"2020","1","10","13","6.6","5.7","94","21"
"2020","1","10","14","6.9","5.9","93","19"
"2020","1","10","15","7.3","6.3","94","17"
"2020","1","10","16","7.3","6.3","93","14"
"2020","1","10","17","6.8","6.3","97","14"
"2020","1","10","18","7","6.7","97","18"
"2020","1","10","19","6.9","6.5","97","12"
"2020","1","10","20","6.6","6.3","98","9"
"2020","1","10","21","6.3","6","98","7"
"2020","1","10","22","6.4","6.2","99","6"
"2020","1","10","23","6.2","6","99","9"
"2020","1","11","0","5.8","5.7","99","11"
"2020","1","11","1","6.1","6","99","8"
"2020","1","11","2","6.6","6.5","99","8"
"2020","1","11","3","7.2","7.1","99","13"
"2020","1","11","4","7.4","7.3","99","16"
"2020","1","11","5","7.2","7.1","99","10"
"2020","1","11","6","7.5","7.4","99","9"
"2020","1","11","7","8","7.9","99","7"
"2020","1","11","8","8.7","8.6","99","23"
"2020","1","11","9","10.6","10.4","98","27"
"2020","1","11","10","11.8","11.1","95","24"
"2020","1","11","11","11.5","11.1","98","15"
"2020","1","11","12","11.3","11","98","13"
"2020","1","11","13","2.9","2.2","95","22"
"2020","1","11","14","3","2.3","96","15"
"2020","1","11","15","3","2.3","95","25"
"2020","1","11","16","2.8","2.2","96","18"
"2020","1","11","17","2.5","1.9","96","23"
"2020","1","11","18","2.3","1.8","96","22"
"2020","1","11","19","2.5","2","96","30"
"2020","1","11","20","2.2","1.8","97","23"
"2020","1","11","21","2.2","1.7","97","26"
"2020","1","11","22","2.1","1.6","96","23"
"2020","1","11","23","2","1.5","97","16"
"2020","1","12","0","2","1.6","97","26"
"2020","1","12","1","1.7","1.3","97","22"
"2020","1","12","2","1","0.6","97","28"
"2020","1","12","3","0.9","0.5","97","16"
"2020","1","12","4","0.8","0.3","97","32"
"2020","1","12","5","-0.5","-1","96","24"
"2020","1","12","6","-3.2","-4.5","91","39"
"2020","1","12","7","-4.9","-7.3","83","28"
"2020","1","12","8","-5.5","-8.1","82","23"
"2020","1","12","9","-5.6","-9","77","31"
"2020","1","12","10","-6","-9.7","75","30"
"2020","1","12","11","-5","-8.2","79","25"
"2020","1","12","12","-4.4","-7.6","78","18"
"2020","1","12","13","-4.5","-7.8","77","21"
"2020","1","12","14","-4.4","-7.8","77","22"
"2020","1","12","15","-4.1","-7.5","77","20"
"2020","1","12","16","-4.1","-7.6","77","20"
"2020","1","12","17","-4.8","-7.8","79","17"
"2020","1","12","18","-4.6","-7.8","78","10"
"2020","1","12","19","-4.9","-8.3","77","8"
"2020","1","12","20","-5","-8.7","76","11"
"2020","1","12","21","-5","-8.4","77","5"
"2020","1","12","22","-4.7","-7.6","80","14"
"2020","1","12","23","-4.8","-7.5","82","19"
"2020","1","13","0","-4.8","-7.5","82","7"
"2020","1","13","1","-4.6","-6.9","84","22"
"2020","1","13","2","-4.9","-6.5","89","26"
"2020","1","13","3","-4.3","-5.3","93","19"
"2020","1","13","4","-3.3","-4.4","92","16"
"2020","1","13","5","-4.7","-5.7","92","17"
"2020","1","13","6","-4.5","-5.2","94","22"
"2020","1","13","7","-3.7","-4.5","94","13"
"2020","1","13","8","-3.3","-4","95","17"
"2020","1","13","9","-2.7","-3.4","95","20"
"2020","1","13","10","-1.8","-2.5","95","17"
"2020","1","13","11","-1.1","-1.8","95","14"
"2020","1","13","12","-0.7","-1.5","95","14"
"2020","1","13","13","-0.4","-1.2","94","13"
"2020","1","13","14","0.3","-0.6","94","14"
"2020","1","13","15","0.7","-0.3","93","18"
"2020","1","13","16","1.1","-0.1","92","20"
"2020","1","13","17","1.3","-0.2","90","16"
"2020","1","13","18","1.5","0","90","16"
"2020","1","13","19","1.3","-0.1","91","12"
"2020","1","13","20","1.3","0","91","11"
"2020","1","13","21","1.4","-0.2","89","9"
"2020","1","13","22","0.5","-0.4","94","9"
"2020","1","13","23","0.5","-0.9","91","12"
"2020","1","14","0","0.2","-1.1","91","23"
"2020","1","14","1","0.1","-1.2","91","13"
"2020","1","14","2","0.1","-1.3","90","15"
"2020","1","14","3","0.1","-1.4","90","9"
"2020","1","14","4","-0.2","-1.7","89","19"
"2020","1","14","5","0","-1.6","90","26"
"2020","1","14","6","0.2","-1.7","87","18"
"2020","1","14","7","0.5","-1","89","18"
"2020","1","14","8","0.8","-0.6","90","22"
"2020","1","14","9","1.3","0","91","19"
"2020","1","14","10","1.8","0.2","89","26"
"2020","1","14","11","1.9","0","87","24"
"2020","1","14","12","2.2","0","86","22"
"2020","1","14","13","2.3","0.4","88","12"
"2020","1","14","14","2.3","0.5","88","26"
"2020","1","14","15","1.4","0.3","93","19"
"2020","1","14","16","1.1","0.2","94","17"
"2020","1","14","17","1","0.4","95","17"
"2020","1","14","18","1.1","0.7","97","6"
"2020","1","14","19","1.5","1.1","97","9"
"2020","1","14","20","1.9","1.5","97","21"
"2020","1","14","21","2.7","1.5","92","11"
"2020","1","14","22","2.8","0.6","86","10"
"2020","1","14","23","2.5","0.7","88","13"
"2020","1","15","0","2.7","0.3","84","10"
"2020","1","15","1","2.4","-0.1","83","12"
"2020","1","15","2","2.6","-1","77","9"
"2020","1","15","3","2.3","-1.3","77","10"
"2020","1","15","4","2.5","-2","72","24"
"2020","1","15","5","2.4","-1.9","74","21"
"2020","1","15","6","2","-1.7","77","8"
"2020","1","15","7","2","-1.6","77","9"
"2020","1","15","8","1.1","-1.7","82","13"
"2020","1","15","9","2.5","-1.3","76","7"
"2020","1","15","10","2.8","-1.6","73","13"
"2020","1","15","11","3.6","-2.2","66","11"
"2020","1","15","12","3.5","-2.7","64","13"
"2020","1","15","13","3.7","-2.2","65","12"
"2020","1","15","14","3.8","-1.6","68","14"
"2020","1","15","15","3.9","-2.1","65","22"
"2020","1","15","16","3.6","-1.7","68","13"
"2020","1","15","17","3.2","-1.7","70","8"
"2020","1","15","18","2.8","-1.8","72","12"
"2020","1","15","19","2.8","-2","71","22"
"2020","1","15","20","2.8","-2.3","69","20"
"2020","1","15","21","2.4","-1.7","74","11"
"2020","1","15","22","2.7","-2","71","14"
"2020","1","15","23","2.5","-0.5","81","16"
"2020","1","16","0","2.1","-0.2","85","16"
"2020","1","16","1","1.1","0.1","93","14"
"2020","1","16","2","0.3","-0.5","94","15"
"2020","1","16","3","0.2","-0.5","95","8"
"2020","1","16","4","0.3","-0.8","93","20"
"2020","1","16","5","0.5","-1","90","15"
"2020","1","16","6","0.3","-1.7","86","19"
"2020","1","16","7","0.4","-1.3","88","21"
"2020","1","16","8","0.2","-3.9","74","34"
"2020","1","16","9","-0.4","-3.8","78","26"
"2020","1","16","10","0.4","-4.2","71","30"
"2020","1","16","11","0.4","-4.3","71","29"
"2020","1","16","12","0.8","-5.1","65","38"
"2020","1","16","13","1.2","-4.4","66","31"
"2020","1","16","14","-0.2","-4.7","71","18"
"2020","1","16","15","-0.7","-6.2","66","21"
"2020","1","16","16","-2.4","-7.6","68","26"
"2020","1","16","17","-3.4","-9.9","61","28"
"2020","1","16","18","-4.5","-9.5","68","26"
"2020","1","16","19","-5.5","-9.7","72","20"
"2020","1","16","20","-5.7","-10.7","68","21"
"2020","1","16","21","-7.5","-12.1","70","23"
"2020","1","16","22","-8.7","-13.3","69","25"
"2020","1","16","23","-9.7","-14.8","67","22"
"2020","1","17","0","-10.8","-15.9","67","17"
"2020","1","17","1","-11.7","-17.1","64","12"
"2020","1","17","2","-12.4","-17.6","65","9"
"2020","1","17","3","-12.8","-18.3","64","13"
"2020","1","17","4","-13.4","-19.4","61","12"
"2020","1","17","5","-13.9","-19","66","11"
"2020","1","17","6","-14.4","-19.6","65","9"
"2020","1","17","7","-14.9","-19.9","66","9"
"2020","1","17","8","-14.8","-20","65","11"
"2020","1","17","9","-13.8","-19.4","63","15"
"2020","1","17","10","-12.6","-18","64","18"
"2020","1","17","11","-11.2","-17.2","62","10"
"2020","1","17","12","-10.3","-17.2","58","5"
"2020","1","17","13","-9.6","-16.5","57","4"
"2020","1","17","14","-8.9","-16.9","53","16"
"2020","1","17","15","-8.5","-16.7","52","13"
"2020","1","17","16","-8.6","-16.8","52","10"
"2020","1","17","17","-9","-17","53","5"
"2020","1","17","18","-8.9","-14.3","65","13"
"2020","1","17","19","-8.8","-13.9","67","12"
"2020","1","17","20","-8.8","-13.3","70","14"
"2020","1","17","21","-8.7","-13.2","70","4"
"2020","1","17","22","-8.4","-12.5","73","10"
"2020","1","17","23","-8.1","-12.6","70","9"
"2020","1","18","0","-8.3","-12.7","71","24"
"2020","1","18","1","-8.1","-12.7","70","27"
"2020","1","18","2","-7.9","-12","73","25"
"2020","1","18","3","-7.4","-11.3","74","22"
"2020","1","18","4","-6.5","-9.7","78","24"
"2020","1","18","5","-6.2","-10.4","72","18"
"2020","1","18","6","-5.6","-9.9","72","23"
"2020","1","18","7","-5.3","-10.1","69","14"
"2020","1","18","8","-4.8","-8.8","73","22"
"2020","1","18","9","-4.3","-8.1","75","27"
"2020","1","18","10","-4","-7.4","77","21"
"2020","1","18","11","-4.6","-5.9","91","26"
"2020","1","18","12","-4","-5.3","91","25"
"2020","1","18","13","-3.7","-4.9","92","26"
"2020","1","18","14","-3.2","-4.2","93","19"
"2020","1","18","15","-2.3","-3.1","94","26"
"2020","1","18","16","-1.8","-2.5","95","20"
"2020","1","18","17","-1.1","-1.7","96","19"
"2020","1","18","18","-0.4","-0.8","97","18"
"2020","1","18","19","0.2","-0.1","98","17"
"2020","1","18","20","0.7","0.4","98","18"
"2020","1","18","21","2.3","-0.4","82","29"
"2020","1","18","22","1.6","-0.5","86","19"
"2020","1","18","23","1.3","-1.9","79","21"
"2020","1","19","0","0.8","-2.5","79","22"
"2020","1","19","1","0.4","-2.8","79","27"
"2020","1","19","2","0","-2.8","81","18"
"2020","1","19","3","-0.1","-2.7","83","19"
"2020","1","19","4","-0.2","-2.4","85","23"
"2020","1","19","5","-0.6","-2.1","89","22"
"2020","1","19","6","-1.3","-2.7","90","19"
"2020","1","19","7","-2","-4.1","85","21"
"2020","1","19","8","-2.1","-5.8","76","24"
"2020","1","19","9","-3.1","-6.7","76","25"
"2020","1","19","10","-4.9","-9.2","72","37"
"2020","1","19","11","-5.8","-9.7","74","13"
"2020","1","19","12","-7.1","-10.2","79","12"
"2020","1","19","13","-7.2","-10.8","76","14"
"2020","1","19","14","-6.8","-10.4","75","19"
"2020","1","19","15","-6.5","-10.1","76","12"
"2020","1","19","16","-6.9","-11.4","70","21"
"2020","1","19","17","-8","-12.3","72","16"
"2020","1","19","18","-8.5","-12.6","73","16"
"2020","1","19","19","-9.1","-12.8","74","12"
"2020","1","19","20","-9.1","-13.5","71","17"
"2020","1","19","21","-9.2","-14","68","10"
"2020","1","19","22","-9.5","-15.3","63","22"
"2020","1","19","23","-10.1","-17.1","57","12"
"2020","1","20","0","-10.7","-17","60","21"
"2020","1","20","1","-11.6","-17.6","61","16"
"2020","1","20","2","-12.6","-17.4","67","11"
"2020","1","20","3","-12.9","-17.3","70","12"
"2020","1","20","4","-13.6","-17.4","74","10"
"2020","1","20","5","-14.2","-17.7","76","8"
"2020","1","20","6","-14.9","-18.2","77","17"
"2020","1","20","7","-14.1","-18","73","8"
"2020","1","20","8","-14.1","-18.2","71","8"
"2020","1","20","9","-14.3","-18.4","71","12"
"2020","1","20","10","-12.8","-17","71","15"
"2020","1","20","11","-10.7","-15.7","67","11"
"2020","1","20","12","-9.4","-15.3","63","2"
"2020","1","20","13","-7.9","-13.9","63","8"
"2020","1","20","14","-5.9","-16.7","43","14"
"2020","1","20","15","-5.6","-14.3","51","18"
"2020","1","20","16","-5.3","-12.7","57","22"
"2020","1","20","17","-6.6","-12.3","64","8"
"2020","1","20","18","-6.3","-11.4","68","10"
"2020","1","20","19","-6.4","-10.9","71","11"
"2020","1","20","20","-7.3","-11.2","74","8"
"2020","1","20","21","-8.7","-11.8","78","10"
"2020","1","20","22","-9","-11.6","82","14"
"2020","1","20","23","-8.9","-11.2","84","5"
"2020","1","21","0","-7.7","-10.3","81","4"
"2020","1","21","1","-7.5","-10","82","11"
"2020","1","21","2","-7.6","-10","83","15"
"2020","1","21","3","-7.3","-9.9","82","15"
"2020","1","21","4","-7.1","-10","80","14"
"2020","1","21","5","-7.7","-9.9","84","12"
"2020","1","21","6","-8.5","-10.6","85","15"
"2020","1","21","7","-6.9","-9.5","82","13"
"2020","1","21","8","-6.1","-8.8","81","13"
"2020","1","21","9","-4.3","-7.6","78","13"
"2020","1","21","10","-3.5","-7.7","73","9"
"2020","1","21","11","-3","-8.2","68","19"
"2020","1","21","12","-3","-8.4","67","17"
"2020","1","21","13","-2.9","-8.2","67","18"
"2020","1","21","14","-3","-8.3","67","14"
"2020","1","21","15","-3.2","-8.4","68","18"
"2020","1","21","16","-3.8","-8.7","69","17"
"2020","1","21","17","-4.3","-8.9","71","16"
"2020","1","21","18","-5.2","-9.7","71","16"
"2020","1","21","19","-5.5","-10.2","70","17"
"2020","1","21","20","-6.4","-10.8","71","17"
"2020","1","21","21","-6.7","-10.8","73","16"
"2020","1","21","22","-7","-10.8","75","17"
"2020","1","21","23","-7","-10.8","74","15"
"2020","1","22","0","-7.2","-10.9","75","15"
"2020","1","22","1","-7.6","-11.3","75","13"
"2020","1","22","2","-6.9","-10.3","77","13"
"2020","1","22","3","-6.5","-9.6","79","11"
"2020","1","22","4","-6.4","-9.5","79","13"
"2020","1","22","5","-6","-9.2","78","17"
"2020","1","22","6","-5.7","-8.7","80","19"
"2020","1","22","7","-5.1","-8.2","79","19"
"2020","1","22","8","-5","-8","80","18"
"2020","1","22","9","-4","-6.5","82","23"
"2020","1","22","10","-2.3","-6.2","74","17"
"2020","1","22","11","-1.1","-5.7","71","32"
"2020","1","22","12","-0.4","-5.9","66","35"
"2020","1","22","13","0.3","-5.5","65","30"
"2020","1","22","14","0.7","-5.3","64","24"
"2020","1","22","15","0.6","-5.7","63","24"
"2020","1","22","16","0.3","-5.9","63","26"
"2020","1","22","17","-0.4","-6","66","26"
"2020","1","22","18","-1.1","-6.5","67","23"
"2020","1","22","19","-1.5","-6.2","70","24"
"2020","1","22","20","-1.9","-5.9","74","23"
"2020","1","22","21","-2.2","-6","75","21"
"2020","1","22","22","-2.8","-6.5","76","15"
"2020","1","22","23","-3.3","-7","76","15"
"2020","1","23","0","-3.6","-7.8","73","14"
"2020","1","23","1","-4.2","-7.4","78","11"
"2020","1","23","2","-4.4","-8","76","12"
"2020","1","23","3","-3.5","-7.5","74","14"
"2020","1","23","4","-3.4","-7.2","75","14"
"2020","1","23","5","-3.3","-6.9","76","10"
"2020","1","23","6","-2.5","-6.4","75","7"
"2020","1","23","7","-2.6","-6.5","75","8"
"2020","1","23","8","-2.3","-6","76","16"
"2020","1","23","9","-2.5","-6.1","77","2"
"2020","1","23","10","-1","-5.3","73","7"
"2020","1","23","11","0.1","-4.5","71","15"
"2020","1","23","12","0.9","-5","65","7"
"2020","1","23","13","1.7","-5.3","60","14"
"2020","1","23","14","2.1","-5.5","57","14"
"2020","1","23","15","2.3","-4.3","62","17"
"2020","1","23","16","1.9","-3.8","66","15"
"2020","1","23","17","1.4","-2.9","73","16"
"2020","1","23","18","1.3","-1.7","81","7"
"2020","1","23","19","1.2","-1.6","82","22"
"2020","1","23","20","1.2","-1.7","81","16"
"2020","1","23","21","0.5","-2.4","81","20"
"2020","1","23","22","0.4","-2.2","82","22"
"2020","1","23","23","-0.1","-2","86","19"
"2020","1","24","0","-0.1","-2.3","85","14"
"2020","1","24","1","-0.9","-2.4","89","19"
"2020","1","24","2","-0.9","-2.6","88","19"
"2020","1","24","3","-0.8","-3.4","83","17"
"2020","1","24","4","-0.5","-4.2","76","16"
"2020","1","24","5","0.1","-4.3","72","22"
"2020","1","24","6","-0.5","-4.2","76","20"
"2020","1","24","7","0.6","-4.5","68","21"
"2020","1","24","8","0.7","-4.9","66","22"
"2020","1","24","9","0.9","-4.9","65","23"
"2020","1","24","10","1.4","-5.2","62","24"
"2020","1","24","11","2.3","-5","59","23"
"2020","1","24","12","3.4","-5.5","52","24"
"2020","1","24","13","3","-4.1","59","29"
"2020","1","24","14","2.8","-4","61","30"
"2020","1","24","15","2.6","-3","67","27"
"2020","1","24","16","2.5","-2.5","69","26"
"2020","1","24","17","2.1","-2.3","72","35"
"2020","1","24","18","2.2","-1.9","74","29"
"2020","1","24","19","2.4","-1.1","77","39"
"2020","1","24","20","2.3","0.8","90","26"
"2020","1","24","21","3","2.2","95","34"
"2020","1","24","22","3.2","2.5","95","35"
"2020","1","24","23","3","2.2","94","24"
"2020","1","25","0","2.7","1.9","95","27"
"2020","1","25","1","2.8","2.1","95","19"
"2020","1","25","2","3.1","2.5","96","24"
"2020","1","25","3","3.5","3","97","22"
"2020","1","25","4","3.3","2.8","97","28"
"2020","1","25","5","3.1","2.5","96","28"
"2020","1","25","6","2.5","1.8","95","35"
"2020","1","25","7","2.2","1.1","92","24"
"2020","1","25","8","2.1","1.2","94","23"
"2020","1","25","9","2.1","1.1","94","19"
"2020","1","25","10","2.1","1.3","95","20"
"2020","1","25","11","2.3","1.7","96","15"
"2020","1","25","12","2.3","1.8","97","19"
"2020","1","25","13","2.7","2.3","97","10"
"2020","1","25","14","2.8","2.4","98","12"
"2020","1","25","15","3","2.7","98","9"
"2020","1","25","16","2.9","2.6","98","11"
"2020","1","25","17","2.8","2.5","98","15"
"2020","1","25","18","2.3","1.9","97","15"
"2020","1","25","19","2.4","1.7","95","14"
"2020","1","25","20","2.4","1.3","93","17"
"2020","1","25","21","2","0.8","92","12"
"2020","1","25","22","1.6","0.6","93","13"
"2020","1","25","23","2","0.4","89","13"
"2020","1","26","0","1.8","0.1","88","21"
"2020","1","26","1","1.6","-0.4","87","20"
"2020","1","26","2","1.4","0","90","19"
"2020","1","26","3","1.2","-0.3","90","18"
"2020","1","26","4","1.2","-0.6","88","19"
"2020","1","26","5","1","-0.4","90","17"
"2020","1","26","6","1.2","-0.3","90","17"
"2020","1","26","7","1","-0.2","91","14"
"2020","1","26","8","1.5","-0.2","89","19"
"2020","1","26","9","1.7","0","88","15"
"2020","1","26","10","2.2","0.4","88","12"
"2020","1","26","11","2.6","0.4","86","9"
"2020","1","26","12","2.9","0.5","84","11"
"2020","1","26","13","3.1","0.3","82","11"
"2020","1","26","14","2.8","0.3","84","20"
"2020","1","26","15","2.9","0.4","84","20"
"2020","1","26","16","2.1","0.8","91","22"
"2020","1","26","17","1.9","1.1","94","20"
"2020","1","26","18","1.6","0.7","94","19"
"2020","1","26","19","1.3","0.3","93","16"
"2020","1","26","20","1.1","-0.2","91","15"
"2020","1","26","21","0.9","-0.5","91","7"
"2020","1","26","22","0.9","-1.2","86","18"
"2020","1","26","23","0.8","-1.3","86","10"
"2020","1","27","0","0.9","-1.5","84","17"
"2020","1","27","1","0.9","-1.3","85","23"
"2020","1","27","2","1","-1.2","85","18"
"2020","1","27","3","1.1","-1.1","85","22"
"2020","1","27","4","1","-1","86","18"
"2020","1","27","5","1","-1.6","83","18"
"2020","1","27","6","1","-1.5","83","13"
"2020","1","27","7","0.8","-1.5","85","16"
"2020","1","27","8","0.7","-1.7","84","16"
"2020","1","27","9","0.4","-2.4","82","13"
"2020","1","27","10","0.6","-2.7","79","10"
"2020","1","27","11","0.4","-2.5","81","8"
"2020","1","27","12","0.8","-2.9","76","18"
"2020","1","27","13","1","-2.9","75","18"
"2020","1","27","14","1","-3.4","73","8"
"2020","1","27","15","1.1","-3","74","20"
"2020","1","27","16","1.1","-2.6","77","9"
"2020","1","27","17","0.8","-2.6","78","12"
"2020","1","27","18","0.6","-3.1","76","14"
"2020","1","27","19","0.4","-3","78","22"
"2020","1","27","20","0.3","-3.1","78","22"
"2020","1","27","21","0.2","-3.1","79","19"
"2020","1","27","22","0.1","-2.9","80","16"
"2020","1","27","23","0.1","-3.1","79","16"
"2020","1","28","0","0.1","-2.9","80","19"
"2020","1","28","1","0","-2.8","82","14"
"2020","1","28","2","0","-2.9","81","16"
"2020","1","28","3","0","-3.4","78","18"
"2020","1","28","4","-0.1","-3.8","76","17"
"2020","1","28","5","-0.3","-4.2","75","21"
"2020","1","28","6","-0.4","-4.8","73","17"
"2020","1","28","7","-0.5","-5","72","19"
"2020","1","28","8","-0.7","-4.6","75","20"
"2020","1","28","9","-0.4","-5.1","70","24"
"2020","1","28","10","0.1","-4.4","72","21"
"2020","1","28","11","0.6","-4","71","23"
"2020","1","28","12","0.8","-4.3","69","26"
"2020","1","28","13","1.2","-4.3","67","24"
"2020","1","28","14","1.7","-4.6","63","22"
"2020","1","28","15","1.2","-5.7","60","24"
"2020","1","28","16","0.9","-5.9","61","21"
"2020","1","28","17","0.3","-5.7","64","21"
"2020","1","28","18","0","-4","74","12"
"2020","1","28","19","-0.4","-5.4","69","18"
"2020","1","28","20","-0.7","-6.1","67","26"
"2020","1","28","21","-0.9","-6.4","66","21"
"2020","1","28","22","-1.4","-5.7","72","17"
"2020","1","28","23","-1.6","-5.6","74","14"
"2020","1","29","0","-1.7","-5.3","77","11"
"2020","1","29","1","-1.9","-5.2","78","13"
"2020","1","29","2","-2.9","-6","79","20"
"2020","1","29","3","-4.1","-7.5","77","24"
"2020","1","29","4","-5","-7.9","80","21"
"2020","1","29","5","-5.7","-8.8","79","17"
"2020","1","29","6","-5.8","-8.9","79","10"
"2020","1","29","7","-6.6","-9.4","80","10"
"2020","1","29","8","-6.7","-9.5","81","19"
"2020","1","29","9","-6.6","-9.4","80","9"
"2020","1","29","10","-6.3","-9.5","78","16"
"2020","1","29","11","-5.2","-9.5","72","16"
"2020","1","29","12","-5.2","-10.8","65","16"
"2020","1","29","13","-4.3","-11","60","16"
"2020","1","29","14","-3.3","-11.7","52","8"
"2020","1","29","15","-3.1","-12.1","50","17"
"2020","1","29","16","-2.9","-12.6","48","18"
"2020","1","29","17","-3.8","-11.9","53","21"
"2020","1","29","18","-4.8","-11.5","60","18"
"2020","1","29","19","-5.3","-10.9","65","18"
"2020","1","29","20","-5.9","-11.6","64","21"
"2020","1","29","21","-5.8","-11.2","66","12"
"2020","1","29","22","-7","-10.2","78","10"
"2020","1","29","23","-7.3","-10.3","79","13"
"2020","1","30","0","-7.6","-9.9","83","15"
"2020","1","30","1","-7.9","-10.4","83","17"
"2020","1","30","2","-7.8","-10.7","80","15"
"2020","1","30","3","-8","-11.1","79","9"
"2020","1","30","4","-7.8","-11.3","76","14"
"2020","1","30","5","-6.9","-10.2","77","20"
"2020","1","30","6","-6","-9.4","77","20"
"2020","1","30","7","-5.1","-8.1","80","22"
"2020","1","30","8","-4.9","-7.5","83","23"
"2020","1","30","9","-4.4","-6.7","84","21"
"2020","1","30","10","-3.8","-5.7","87","17"
"2020","1","30","11","-3.6","-5.7","85","19"
"2020","1","30","12","-3.1","-5.5","83","18"
"2020","1","30","13","-2.2","-4.9","82","18"
"2020","1","30","14","-2.3","-5.3","80","18"
"2020","1","30","15","-2.3","-7","70","14"
"2020","1","30","16","-2.6","-7.4","70","21"
"2020","1","30","17","-2.2","-6.4","73","27"
"2020","1","30","18","-2.4","-6.3","75","14"
"2020","1","30","19","-2.5","-6.4","75","19"
"2020","1","30","20","-2.5","-5.9","77","18"
"2020","1","30","21","-2.6","-5.7","79","20"
"2020","1","30","22","-2.6","-6.2","76","21"
"2020","1","30","23","-2.9","-6.8","74","22"
"2020","1","31","0","-3","-6.8","75","7"
"2020","1","31","1","-3","-6.6","76","17"
"2020","1","31","2","-3.1","-6.5","78","11"
"2020","1","31","3","-3","-6.5","77","3"
"2020","1","31","4","-3","-6.4","78","10"
"2020","1","31","5","-3","-6.1","79","5"
"2020","1","31","6","-2.9","-5.2","85","6"
"2020","1","31","7","-3","-5","86","5"
"2020","1","31","8","-3.5","-5.5","86","16"
"2020","1","31","9","-2.1","-4.6","83","19"
"2020","1","31","10","-1.2","-4","81","9"
"2020","1","31","11","-1.4","-3.4","86","5"
"2020","1","31","12","-1.3","-3.7","84","6"
"2020","1","31","13","-1","-4.3","79","17"
"2020","1","31","14","-0.8","-3.6","81","8"
"2020","1","31","15","-0.3","-3.6","78","8"
"2020","1","31","16","-0.7","-3.9","79","9"
"2020","1","31","17","-0.7","-4.3","77","9"
"2020","1","31","18","-1","-4.2","79","8"
"2020","1","31","19","-1.9","-3.8","87","17"
"2020","1","31","20","-2","-3.5","90","9"
"2020","1","31","21","-2.6","-3.9","90","13"
"2020","1","31","22","-2.6","-3.6","93","6"
"2020","1","31","23","-2.6","-3.6","93","5"
"2020","2","1","0","-2.7","-3.8","92","5"
"2020","2","1","1","-3.5","-4.5","93","6"
"2020","2","1","2","-3.8","-4.5","95","13"
"2020","2","1","3","-3.8","-4.7","94","13"
"2020","2","1","4","-3.4","-4.3","93","3"
"2020","2","1","5","-3.2","-4.2","92","3"
"2020","2","1","6","-2.8","-4.3","89","13"
"2020","2","1","7","-2.4","-4.5","86","19"
"2020","2","1","8","-2.2","-4.4","85","20"
"2020","2","1","9","-1.7","-3.8","86","15"
"2020","2","1","10","-1.3","-3.5","85","14"
"2020","2","1","11","-0.8","-3.5","82","18"
"2020","2","1","12","0","-3.7","76","17"
"2020","2","1","13","0.3","-3.9","73","19"
"2020","2","1","14","0.8","-4.7","67","20"
"2020","2","1","15","0.3","-3.3","77","22"
"2020","2","1","16","-0.4","-2.7","84","20"
"2020","2","1","17","-0.5","-2.6","86","22"
"2020","2","1","18","-1.1","-2.2","92","20"
"2020","2","1","19","-1.2","-1.9","95","21"
"2020","2","1","20","-1.4","-2.1","94","22"
"2020","2","1","21","-1.3","-2.2","94","20"
"2020","2","1","22","-1.3","-2","95","22"
"2020","2","1","23","-1.1","-2.1","93","20"
"2020","2","2","0","-1","-2.2","92","20"
"2020","2","2","1","-0.8","-2","91","15"
"2020","2","2","2","-0.9","-2","92","18"
"2020","2","2","3","-0.6","-1.6","92","16"
"2020","2","2","4","-0.2","-1.4","92","12"
"2020","2","2","5","-1.3","-2.5","91","14"
"2020","2","2","6","-1.8","-3.3","90","17"
"2020","2","2","7","-0.9","-2.9","86","15"
"2020","2","2","8","-0.4","-2.4","86","22"
"2020","2","2","9","-0.7","-1.6","94","20"
"2020","2","2","10","-0.6","-1.2","96","13"
"2020","2","2","11","-0.1","-0.6","97","22"
"2020","2","2","12","0.3","-0.2","96","25"
"2020","2","2","13","0.6","0","96","23"
"2020","2","2","14","0.8","0.2","95","19"
"2020","2","2","15","1","0.2","95","13"
"2020","2","2","16","0.9","0.4","96","9"
"2020","2","2","17","0.9","0.4","97","14"
"2020","2","2","18","0.9","0.5","97","7"
"2020","2","2","19","1","0.6","97","15"
"2020","2","2","20","1","0.6","97","13"
"2020","2","2","21","1","0.6","97","16"
"2020","2","2","22","1.1","0.6","96","12"
"2020","2","2","23","1","0.4","95","12"
"2020","2","3","0","1.7","0.9","95","16"
"2020","2","3","1","1.9","0.6","91","9"
"2020","2","3","2","2.4","0.2","86","16"
"2020","2","3","3","2.5","-0.1","83","21"
"2020","2","3","4","3","-0.8","77","31"
"2020","2","3","5","2.8","-0.9","77","21"
"2020","2","3","6","2.4","-1.2","77","17"
"2020","2","3","7","2.5","-1.1","77","23"
"2020","2","3","8","2.1","-1.1","79","7"
"2020","2","3","9","2.9","-1.1","75","8"
"2020","2","3","10","3.5","-1.4","70","12"
"2020","2","3","11","4.1","-0.9","70","21"
"2020","2","3","12","4.7","-1.2","66","16"
"2020","2","3","13","4.9","-1.4","64","16"
"2020","2","3","14","4.5","-1.2","67","15"
"2020","2","3","15","4.8","-2","62","19"
"2020","2","3","16","4.4","-2.1","63","8"
"2020","2","3","17","3.6","-2.7","63","5"
"2020","2","3","18","3.1","-3.6","62","1"
"2020","2","3","19","2.1","-2.9","69","16"
"2020","2","3","20","2.2","-2.5","71","19"
"2020","2","3","21","1.4","-2.6","74","24"
"2020","2","3","22","1","-2.8","76","19"
"2020","2","3","23","1.5","-2.9","73","18"
"2020","2","4","0","1.1","-2.3","78","18"
"2020","2","4","1","1","-2.4","78","14"
"2020","2","4","2","1.3","-2.8","74","13"
"2020","2","4","3","0.9","-2.5","78","18"
"2020","2","4","4","0.8","-2.9","76","14"
"2020","2","4","5","0.7","-3.1","76","8"
"2020","2","4","6","0.5","-3.1","77","16"
"2020","2","4","7","0.8","-4.5","68","9"
"2020","2","4","8","0.7","-4.4","69","14"
"2020","2","4","9","1","-4.5","67","16"
"2020","2","4","10","1.3","-3.7","69","10"
"2020","2","4","11","1.9","-2.8","71","12"
"2020","2","4","12","2","-2.5","72","12"
"2020","2","4","13","2.3","-3","68","11"
"2020","2","4","14","1.9","-4.5","63","10"
"2020","2","4","15","1.7","-4.8","62","8"
"2020","2","4","16","1.4","-5.1","62","15"
"2020","2","4","17","0.9","-5","65","14"
"2020","2","4","18","0.6","-5","66","15"
"2020","2","4","19","0.4","-4.9","67","5"
"2020","2","4","20","-0.6","-7.9","58","32"
"2020","2","4","21","-1.5","-7.5","64","30"
"2020","2","4","22","-2.1","-8","64","26"
"2020","2","4","23","-2.7","-9","62","35"
"2020","2","5","0","-3.3","-10.1","60","25"
"2020","2","5","1","-4.7","-12.1","56","35"
"2020","2","5","2","-5","-12","58","25"
"2020","2","5","3","-5.2","-11.5","61","27"
"2020","2","5","4","-5.2","-11.2","63","24"
"2020","2","5","5","-5.5","-11.3","64","20"
"2020","2","5","6","-5.8","-11.3","65","16"
"2020","2","5","7","-7.1","-11.9","69","22"
"2020","2","5","8","-7.8","-13","66","11"
"2020","2","5","9","-8","-13.8","63","17"
"2020","2","5","10","-7","-14.2","57","28"
"2020","2","5","11","-6.5","-15.5","49","14"
"2020","2","5","12","-5.4","-15.8","44","6"
"2020","2","5","13","-4.4","-15.3","43","4"
"2020","2","5","14","-3.9","-16.6","37","17"
"2020","2","5","15","-3.1","-15.7","38","16"
"2020","2","5","16","-3.8","-15.7","39","14"
"2020","2","5","17","-4.3","-11.6","57","12"
"2020","2","5","18","-4.7","-11.1","61","9"
"2020","2","5","19","-4.3","-11.7","57","10"
"2020","2","5","20","-4.2","-12","55","11"
"2020","2","5","21","-4.2","-12.4","53","21"
"2020","2","5","22","-4.1","-11.8","55","25"
"2020","2","5","23","-4","-11.2","58","21"
"2020","2","6","0","-5","-8.6","76","25"
"2020","2","6","1","-5.3","-6.8","89","23"
"2020","2","6","2","-5.3","-6.9","88","27"
"2020","2","6","3","-4.9","-6.2","91","25"
"2020","2","6","4","-4.7","-5.8","92","28"
"2020","2","6","5","-4.7","-6","91","29"
"2020","2","6","6","-4.7","-6.3","89","26"
"2020","2","6","7","-5.2","-6.5","91","30"
"2020","2","6","8","-5.1","-6.4","91","31"
"2020","2","6","9","-4.8","-6.2","90","28"
"2020","2","6","10","-4.5","-6.2","88","27"
"2020","2","6","11","-4.1","-6.3","85","22"
"2020","2","6","12","-4.3","-6.2","87","26"
"2020","2","6","13","-4","-6.9","80","25"
"2020","2","6","14","-3.8","-7.6","75","29"
"2020","2","6","15","-3.6","-7.1","77","26"
"2020","2","6","16","-3.7","-7.2","77","27"
"2020","2","6","17","-4","-7.5","77","32"
"2020","2","6","18","-4.2","-7.6","77","32"
"2020","2","6","19","-4","-7.5","77","30"
"2020","2","6","20","-4.6","-6.2","89","21"
"2020","2","6","21","-4.8","-6.1","90","21"
"2020","2","6","22","-4.8","-5.9","92","19"
"2020","2","6","23","-5","-6.4","90","25"
"2020","2","7","0","-5.2","-6.7","89","24"
"2020","2","7","1","-5.4","-6.8","90","22"
"2020","2","7","2","-5.5","-7","89","18"
"2020","2","7","3","-5.5","-7.5","86","24"
"2020","2","7","4","-5.4","-7.6","85","22"
"2020","2","7","5","-5.7","-7.7","86","27"
"2020","2","7","6","-5.3","-7.9","82","20"
"2020","2","7","7","-5.2","-7.9","81","21"
"2020","2","7","8","-5.1","-8","81","25"
"2020","2","7","9","-5.1","-8.1","79","21"
"2020","2","7","10","-5.1","-7.7","82","18"
"2020","2","7","11","-5.4","-8","82","22"
"2020","2","7","12","-5.1","-8.7","76","19"
"2020","2","7","13","-4.6","-9.2","71","30"
"2020","2","7","14","-4.9","-9.5","70","40"
"2020","2","7","15","-4.7","-10.1","66","21"
"2020","2","7","16","-4.5","-10.6","63","25"
"2020","2","7","17","-5.3","-11.4","62","29"
"2020","2","7","18","-5.7","-11.7","63","23"
"2020","2","7","19","-6.5","-12.8","61","27"
"2020","2","7","20","-7.4","-13.1","64","28"
"2020","2","7","21","-7.8","-13.1","66","22"
"2020","2","7","22","-7.9","-13.3","65","21"
"2020","2","7","23","-8.7","-13.5","68","14"
"2020","2","8","0","-8.6","-12.8","72","8"
"2020","2","8","1","-8.4","-12.4","73","14"
"2020","2","8","2","-9.3","-13.1","74","10"
"2020","2","8","3","-11.8","-16.8","67","13"
"2020","2","8","4","-12.4","-17","69","15"
"2020","2","8","5","-13.3","-17.9","69","18"
"2020","2","8","6","-13.4","-17.6","71","19"
"2020","2","8","7","-14.7","-19.2","69","17"
"2020","2","8","8","-14.8","-20.1","65","16"
"2020","2","8","9","-14.4","-20.2","62","17"
"2020","2","8","10","-14.4","-20.1","63","13"
"2020","2","8","11","-12.7","-19","60","15"
"2020","2","8","12","-11.2","-18.1","57","16"
"2020","2","8","13","-9.9","-17.4","54","6"
"2020","2","8","14","-8.3","-16.6","52","12"
"2020","2","8","15","-8","-16.4","51","5"
"2020","2","8","16","-7.5","-16.5","49","4"
"2020","2","8","17","-7.8","-13.8","62","13"
"2020","2","8","18","-8.4","-13.6","67","15"
"2020","2","8","19","-8.3","-12.7","71","7"
"2020","2","8","20","-8.1","-12.2","72","7"
"2020","2","8","21","-8.1","-11.8","75","10"
"2020","2","8","22","-8.4","-11.7","77","16"
"2020","2","8","23","-8.4","-11.7","77","19"
"2020","2","9","0","-10.3","-13.6","77","11"
"2020","2","9","1","-10.4","-14.3","73","11"
"2020","2","9","2","-10.2","-14.6","71","19"
"2020","2","9","3","-9.9","-14.1","72","6"
"2020","2","9","4","-9.3","-13.1","74","11"
"2020","2","9","5","-8.8","-12.2","77","16"
"2020","2","9","6","-7.7","-10.9","78","17"
"2020","2","9","7","-6.9","-9.5","82","13"
"2020","2","9","8","-6.2","-7.9","88","19"
"2020","2","9","9","-5.4","-7","88","16"
"2020","2","9","10","-4.4","-6.4","86","7"
"2020","2","9","11","-2.9","-5.5","83","11"
"2020","2","9","12","-1.8","-4.3","83","14"
"2020","2","9","13","-1.2","-4","81","15"
"2020","2","9","14","-0.9","-3.5","83","13"
"2020","2","9","15","-0.7","-3.2","83","17"
"2020","2","9","16","0.1","-2.8","81","19"
"2020","2","9","17","-0.7","-2.4","88","18"
"2020","2","9","18","-0.2","-2.3","86","19"
"2020","2","9","19","0.5","-1.9","84","29"
"2020","2","9","20","-0.2","-1","94","30"
"2020","2","9","21","-0.1","-0.6","96","31"
"2020","2","9","22","0","-0.4","97","28"
"2020","2","9","23","0","-0.4","97","18"
"2020","2","10","0","0.1","-0.2","98","22"
"2020","2","10","1","0.2","-0.2","98","18"
"2020","2","10","2","0.4","0.1","98","21"
"2020","2","10","3","0.8","0.4","98","20"
"2020","2","10","4","1.1","0.6","96","19"
"2020","2","10","5","1.3","0.6","95","18"
"2020","2","10","6","0.9","0.1","94","12"
"2020","2","10","7","1.8","0.5","91","16"
"2020","2","10","8","1.6","-0.1","89","7"
"2020","2","10","9","1.8","-0.3","86","16"
"2020","2","10","10","2.1","-1.4","77","13"
"2020","2","10","11","2.4","-2.2","71","16"
"2020","2","10","12","2.6","-1.8","73","16"
"2020","2","10","13","2.6","-2","72","8"
"2020","2","10","14","2.4","-1.7","74","13"
"2020","2","10","15","2.3","-1.8","74","9"
"2020","2","10","16","2.3","-2.2","72","12"
"2020","2","10","17","1.8","-2.5","73","19"
"2020","2","10","18","1.1","-2.8","75","20"
"2020","2","10","19","1.5","-3.1","72","20"
"2020","2","10","20","1.2","-3.2","73","18"
"2020","2","10","21","1","-3.5","72","18"
"2020","2","10","22","0.9","-3.5","72","21"
"2020","2","10","23","0.6","-3.7","73","7"
"2020","2","11","0","0.4","-3.6","74","7"
"2020","2","11","1","0.4","-3.7","74","18"
"2020","2","11","2","0.2","-3.6","76","9"
"2020","2","11","3","-0.2","-3.1","81","6"
"2020","2","11","4","-0.3","-2.9","83","5"
"2020","2","11","5","-0.3","-2.9","83","2"
"2020","2","11","6","-0.3","-3.1","81","4"
"2020","2","11","7","-0.3","-4.2","75","6"
"2020","2","11","8","-0.7","-4.9","73","13"
"2020","2","11","9","-0.8","-5","73","11"
"2020","2","11","10","-0.1","-5.1","69","16"
"2020","2","11","11","-0.1","-4.9","70","12"
"2020","2","11","12","0.9","-4.8","66","10"
"2020","2","11","13","1.9","-4.6","62","9"
"2020","2","11","14","1.3","-5.1","62","15"
"2020","2","11","15","1","-5.6","61","20"
"2020","2","11","16","0.7","-5.4","64","18"
"2020","2","11","17","0.4","-4.3","71","10"
"2020","2","11","18","0.4","-4.1","72","14"
"2020","2","11","19","0.3","-3.9","74","26"
"2020","2","11","20","-0.2","-4.9","71","20"
"2020","2","11","21","-0.5","-5.3","70","21"
"2020","2","11","22","-0.8","-4.8","74","21"
"2020","2","11","23","-1.5","-6.4","69","25"
"2020","2","12","0","-1.9","-6.4","71","12"
"2020","2","12","1","-2.3","-6.5","73","9"
"2020","2","12","2","-2.3","-6.5","73","10"
"2020","2","12","3","-1.9","-7.2","67","16"
"2020","2","12","4","-2.2","-7.5","67","10"
"2020","2","12","5","-2.6","-7.6","69","9"
"2020","2","12","6","-2.8","-7.9","68","14"
"2020","2","12","7","-2.9","-7.8","69","15"
"2020","2","12","8","-4.1","-8.8","70","14"
"2020","2","12","9","-3.3","-8","70","19"
"2020","2","12","10","-2.2","-7.2","69","9"
"2020","2","12","11","-1","-6.7","65","20"
"2020","2","12","12","0.2","-6.5","61","25"
"2020","2","12","13","1.1","-6.7","56","28"
"2020","2","12","14","1.2","-6.5","57","21"
"2020","2","12","15","1.3","-5.9","59","26"
"2020","2","12","16","1.2","-4.9","64","26"
"2020","2","12","17","0.8","-4.7","67","25"
"2020","2","12","18","0.5","-4.8","67","26"
"2020","2","12","19","0.3","-5.3","66","24"
"2020","2","12","20","0.4","-5.2","66","21"
"2020","2","12","21","0.5","-5","67","19"
"2020","2","12","22","0.4","-4.7","69","16"
"2020","2","12","23","0.6","-4.4","69","18"
"2020","2","13","0","0.2","-3.6","76","13"
"2020","2","13","1","-1","-2.3","91","12"
"2020","2","13","2","-1.7","-2.6","93","12"
"2020","2","13","3","-1.9","-2.7","94","3"
"2020","2","13","4","-1.6","-2.6","93","6"
"2020","2","13","5","-1.8","-2.9","92","12"
"2020","2","13","6","-1.8","-2.9","93","7"
"2020","2","13","7","-1.4","-3","89","8"
"2020","2","13","8","-1.4","-2.8","90","8"
"2020","2","13","9","-1.2","-2.2","93","12"
"2020","2","13","10","-0.5","-1.9","91","10"
"2020","2","13","11","-0.8","-2.8","87","9"
"2020","2","13","12","-3","-5","86","16"
"2020","2","13","13","-4.5","-6.6","85","19"
"2020","2","13","14","-5.7","-8","84","18"
"2020","2","13","15","-6.6","-9.1","83","19"
"2020","2","13","16","-7","-10","80","17"
"2020","2","13","17","-7.9","-11.5","75","23"
"2020","2","13","18","-8.9","-13.2","72","22"
"2020","2","13","19","-9.7","-13.6","73","14"
"2020","2","13","20","-10.8","-15.5","68","40"
"2020","2","13","21","-11.2","-16.1","67","28"
"2020","2","13","22","-11.6","-16.5","67","31"
"2020","2","13","23","-14.1","-18.6","69","17"
"2020","2","14","0","-15.5","-21.4","61","22"
"2020","2","14","1","-17.1","-23.6","58","12"
"2020","2","14","2","-18","-24.8","56","15"
"2020","2","14","3","-18.6","-24.8","59","13"
"2020","2","14","4","-19.4","-25","62","10"
"2020","2","14","5","-20","-25.9","60","13"
"2020","2","14","6","-20.6","-26.3","61","13"
"2020","2","14","7","-20.5","-26.2","61","15"
"2020","2","14","8","-20.1","-25.9","61","15"
"2020","2","14","9","-18.6","-24.8","59","13"
"2020","2","14","10","-17.1","-24.3","54","17"
"2020","2","14","11","-15.7","-23","54","11"
"2020","2","14","12","-14","-20.9","57","13"
"2020","2","14","13","-11.8","-19.6","53","10"
"2020","2","14","14","-11.4","-17.9","59","19"
"2020","2","14","15","-10.8","-16.5","63","17"
"2020","2","14","16","-10.4","-15.7","66","24"
"2020","2","14","17","-10.1","-15.8","64","18"
"2020","2","14","18","-10.1","-15.5","65","21"
"2020","2","14","19","-9.7","-15.7","62","21"
"2020","2","14","20","-9.4","-16.1","59","22"
"2020","2","14","21","-10","-16.1","62","26"
"2020","2","14","22","-10.3","-15.8","64","23"
"2020","2","14","23","-10.6","-15.8","66","18"
"2020","2","15","0","-10.5","-15.6","66","18"
"2020","2","15","1","-11","-15.7","69","16"
"2020","2","15","2","-11.7","-15.8","72","13"
"2020","2","15","3","-11.2","-15.8","69","17"
"2020","2","15","4","-11.2","-15.3","72","15"
"2020","2","15","5","-10.1","-14.6","70","20"
"2020","2","15","6","-8","-12.9","68","22"
"2020","2","15","7","-9.1","-13.2","72","13"
"2020","2","15","8","-7.7","-12.5","69","21"
"2020","2","15","9","-6.7","-12","66","25"
"2020","2","15","10","-5.7","-11.3","65","29"
"2020","2","15","11","-4.6","-10.4","64","27"
"2020","2","15","12","-4.3","-11.3","58","32"
"2020","2","15","13","-3.8","-10.8","59","26"
"2020","2","15","14","-2.9","-10.6","56","29"
"2020","2","15","15","-2.9","-10.7","55","31"
"2020","2","15","16","-3.1","-10.5","57","28"
"2020","2","15","17","-3","-9.9","59","36"
"2020","2","15","18","-2.3","-9.5","58","26"
"2020","2","15","19","-1.5","-9","57","28"
"2020","2","15","20","-0.7","-9","54","29"
"2020","2","15","21","-1.2","-5.7","71","39"
"2020","2","15","22","-1.3","-4.1","82","29"
"2020","2","15","23","-0.8","-3.2","84","21"
"2020","2","16","0","0","-3.1","80","26"
"2020","2","16","1","0.3","-3.1","78","15"
"2020","2","16","2","0.3","-3.3","77","15"
"2020","2","16","3","-0.1","-3.8","76","16"
"2020","2","16","4","-0.1","-3.6","77","14"
"2020","2","16","5","-0.2","-3.3","80","10"
"2020","2","16","6","-0.1","-3.5","78","16"
"2020","2","16","7","-0.3","-3.3","80","9"
"2020","2","16","8","-0.1","-3.7","77","13"
"2020","2","16","9","0.3","-4.2","72","8"
"2020","2","16","10","0.6","-4.6","68","17"
"2020","2","16","11","1.3","-4.5","65","21"
"2020","2","16","12","1.9","-4.9","61","17"
"2020","2","16","13","2.2","-5","59","27"
"2020","2","16","14","2.6","-4.7","59","24"
"2020","2","16","15","2.4","-4.9","58","22"
"2020","2","16","16","2.5","-4.8","59","18"
"2020","2","16","17","1.8","-5.2","60","26"
"2020","2","16","18","0.6","-5.3","65","14"
"2020","2","16","19","-0.3","-5.3","69","7"
"2020","2","16","20","-1.3","-5.5","73","9"
"2020","2","16","21","-1.2","-5.7","72","9"
"2020","2","16","22","-1.3","-5.2","75","12"
"2020","2","16","23","-1.9","-6","74","9"
"2020","2","17","0","-2.2","-6.2","74","8"
"2020","2","17","1","-2.8","-6.7","75","12"
"2020","2","17","2","-3.1","-7.1","74","10"
"2020","2","17","3","-3.5","-7.4","75","13"
"2020","2","17","4","-4.7","-8","78","14"
"2020","2","17","5","-5.7","-8.7","79","17"
"2020","2","17","6","-5.3","-8.1","81","12"
"2020","2","17","7","-5.1","-8.7","76","14"
"2020","2","17","8","-4.7","-8.4","75","18"
"2020","2","17","9","-4.2","-9.4","67","19"
"2020","2","17","10","-3.4","-10.2","60","4"
"2020","2","17","11","-2.8","-9.9","58","9"
"2020","2","17","12","-2.4","-9.9","56","11"
"2020","2","17","13","-1.9","-9.7","55","16"
"2020","2","17","14","-1.2","-9.9","52","12"
"2020","2","17","15","-0.8","-8.8","55","12"
"2020","2","17","16","-1.6","-8.4","60","15"
"2020","2","17","17","-2.3","-8.5","63","16"
"2020","2","17","18","-2.5","-7.6","68","17"
"2020","2","17","19","-2.4","-6.8","72","16"
"2020","2","17","20","-2.1","-5.8","76","19"
"2020","2","17","21","-1.6","-5","78","21"
"2020","2","17","22","-1.6","-4.8","78","21"
"2020","2","17","23","-1.2","-5.1","75","15"
"2020","2","18","0","-0.9","-4.4","77","23"
"2020","2","18","1","-0.7","-4.1","77","24"
"2020","2","18","2","-1.4","-2.6","92","20"
"2020","2","18","3","-1.1","-1.8","95","19"
"2020","2","18","4","-0.8","-1.3","96","21"
"2020","2","18","5","-0.3","-0.8","96","24"
"2020","2","18","6","0.2","-0.2","97","19"
"2020","2","18","7","0.5","0.1","97","22"
"2020","2","18","8","1.1","0.7","97","16"
"2020","2","18","9","1.5","1.1","98","14"
"2020","2","18","10","2.2","1.9","97","28"
"2020","2","18","11","3.6","3.1","97","29"
"2020","2","18","12","4","3.1","93","30"
"2020","2","18","13","4.5","1.4","80","27"
"2020","2","18","14","4.2","0.4","76","32"
"2020","2","18","15","3.7","-0.8","73","33"
"2020","2","18","16","3.2","-1.4","72","26"
"2020","2","18","17","2.9","-1.7","71","23"
"2020","2","18","18","2.5","-3","67","22"
"2020","2","18","19","2.1","-3.5","67","19"
"2020","2","18","20","1.8","-3.2","69","14"
"2020","2","18","21","1.2","-4.4","66","26"
"2020","2","18","22","0.2","-5.7","65","21"
"2020","2","18","23","-0.4","-6.5","63","34"
"2020","2","19","0","-0.6","-6.6","64","32"
"2020","2","19","1","-0.8","-7.5","60","40"
"2020","2","19","2","-1.3","-8.1","60","23"
"2020","2","19","3","-1.4","-7.2","65","26"
"2020","2","19","4","-1.8","-8.6","60","27"
"2020","2","19","5","-2.2","-9","60","27"
"2020","2","19","6","-2.6","-9.3","60","22"
"2020","2","19","7","-2.9","-9.3","62","22"
"2020","2","19","8","-3.2","-9.4","63","28"
"2020","2","19","9","-2.9","-9.7","60","25"
"2020","2","19","10","-2.5","-11","52","27"
"2020","2","19","11","-3","-11.7","51","25"
"2020","2","19","12","-2.7","-12.2","48","12"
"2020","2","19","13","-2.6","-12.6","46","11"
"2020","2","19","14","-2.2","-11.6","49","16"
"2020","2","19","15","-2.4","-11.1","52","20"
"2020","2","19","16","-3.3","-10.4","58","28"
"2020","2","19","17","-4","-13.2","49","31"
"2020","2","19","18","-4.4","-13.2","51","27"
"2020","2","19","19","-4.7","-12.2","56","23"
"2020","2","19","20","-5.1","-10.6","66","15"
"2020","2","19","21","-5.4","-11.6","62","11"
"2020","2","19","22","-6.3","-13","59","7"
"2020","2","19","23","-6.8","-12.6","63","10"
"2020","2","20","0","-6.5","-12.1","65","18"
"2020","2","20","1","-6.8","-11.4","70","18"
"2020","2","20","2","-6.9","-11","73","13"
"2020","2","20","3","-7.6","-11.7","73","15"
"2020","2","20","4","-8.2","-12.8","70","16"
"2020","2","20","5","-8.3","-13.4","67","17"
"2020","2","20","6","-8","-12.8","69","14"
"2020","2","20","7","-8.3","-12.6","72","14"
"2020","2","20","8","-7.8","-12.3","70","14"
"2020","2","20","9","-7.4","-12.7","66","13"
"2020","2","20","10","-7.3","-12.1","69","13"
"2020","2","20","11","-6.9","-12.7","64","5"
"2020","2","20","12","-6.7","-13.4","59","4"
"2020","2","20","13","-5.6","-13.4","54","18"
"2020","2","20","14","-5.4","-13.8","52","18"
"2020","2","20","15","-5.8","-13.5","55","7"
"2020","2","20","16","-4.7","-13.8","49","20"
"2020","2","20","17","-6.2","-16.2","46","25"
"2020","2","20","18","-6.8","-15.7","50","25"
"2020","2","20","19","-7.7","-15.8","53","22"
"2020","2","20","20","-8.6","-14.9","60","22"
"2020","2","20","21","-9","-15.2","61","18"
"2020","2","20","22","-10.2","-14.9","69","15"
"2020","2","20","23","-10.7","-14.6","73","5"
"2020","2","21","0","-11.2","-14.5","77","11"
"2020","2","21","1","-10.5","-13.7","78","14"
"2020","2","21","2","-10.2","-13.7","76","17"
"2020","2","21","3","-10.3","-13.7","77","19"
"2020","2","21","4","-10","-14","73","18"
"2020","2","21","5","-9.9","-14.1","72","19"
"2020","2","21","6","-9.9","-14.2","71","19"
"2020","2","21","7","-9.9","-14.3","71","16"
"2020","2","21","8","-8.9","-13.6","69","19"
"2020","2","21","9","-6.5","-11.4","69","13"
"2020","2","21","10","-4.9","-10.8","64","20"
"2020","2","21","11","-3.5","-11.5","54","13"
"2020","2","21","12","-2.5","-12.2","48","18"
"2020","2","21","13","-1.6","-12.3","44","23"
"2020","2","21","14","-0.3","-11.7","42","17"
"2020","2","21","15","0.2","-11.7","41","24"
"2020","2","21","16","0.3","-12.1","39","22"
"2020","2","21","17","-0.2","-10","48","30"
"2020","2","21","18","-1.4","-8.7","58","27"
"2020","2","21","19","-2","-7.7","65","28"
"2020","2","21","20","-2.5","-8.4","64","26"
"2020","2","21","21","-2.5","-9.6","59","24"
"2020","2","21","22","-2.2","-10.6","53","26"
"2020","2","21","23","-2.3","-11","52","21"
"2020","2","22","0","-2.4","-10.7","53","24"
"2020","2","22","1","-2.8","-10.4","56","22"
"2020","2","22","2","-3.1","-10.5","57","15"
"2020","2","22","3","-3.5","-10.6","58","10"
"2020","2","22","4","-3.6","-10.1","61","23"
"2020","2","22","5","-3.8","-10.1","62","20"
"2020","2","22","6","-4","-10.1","63","17"
"2020","2","22","7","-4.2","-10","64","18"
"2020","2","22","8","-3.5","-9.5","63","16"
"2020","2","22","9","-1.7","-8.8","59","13"
"2020","2","22","10","-0.2","-8.2","55","16"
"2020","2","22","11","1.6","-7.2","52","14"
"2020","2","22","12","2.8","-6.4","51","25"
"2020","2","22","13","3.8","-5.4","51","25"
"2020","2","22","14","4.6","-4.8","51","26"
"2020","2","22","15","5.2","-4.2","51","14"
"2020","2","22","16","5.7","-3.8","51","15"
"2020","2","22","17","4.2","-4","55","21"
"2020","2","22","18","2.9","-3.9","61","20"
"2020","2","22","19","1.8","-3.9","66","17"
"2020","2","22","20","1.5","-4.2","66","17"
"2020","2","22","21","1.5","-4.1","66","18"
"2020","2","22","22","0.9","-4","70","16"
"2020","2","22","23","0.5","-4.1","71","13"
"2020","2","23","0","0.8","-4.5","68","14"
"2020","2","23","1","1.6","-4.5","64","17"
"2020","2","23","2","1.2","-4.7","65","16"
"2020","2","23","3","1.3","-4.9","64","21"
"2020","2","23","4","1","-5","64","20"
"2020","2","23","5","0.7","-5.4","64","18"
"2020","2","23","6","0.7","-5.6","63","19"
"2020","2","23","7","-0.2","-5.6","67","22"
"2020","2","23","8","0.5","-5.5","64","20"
"2020","2","23","9","2.2","-4","63","24"
"2020","2","23","10","3.4","-3.5","61","24"
"2020","2","23","11","5.2","-3","56","22"
"2020","2","23","12","6.3","-3.8","49","21"
"2020","2","23","13","8.1","-3.8","43","25"
"2020","2","23","14","8.5","-2.5","46","23"
"2020","2","23","15","8.9","-5.3","36","29"
"2020","2","23","16","8.5","-5.1","38","29"
"2020","2","23","17","7.4","-6","38","29"
"2020","2","23","18","6.5","-6.4","39","23"
"2020","2","23","19","6.1","-6.1","41","26"
"2020","2","23","20","5.6","-5.2","46","26"
"2020","2","23","21","5.2","-5.2","47","26"
"2020","2","23","22","4.5","-4.7","51","22"
"2020","2","23","23","4.6","-4.1","53","22"
"2020","2","24","0","4.2","-3","60","18"
"2020","2","24","1","4.2","-2.4","62","19"
"2020","2","24","2","3.4","-2","68","18"
"2020","2","24","3","2","-2.3","73","16"
"2020","2","24","4","2.2","-1.9","74","17"
"2020","2","24","5","1.3","-2","79","15"
"2020","2","24","6","0.3","-2.5","82","14"
"2020","2","24","7","0.4","-1.6","87","10"
"2020","2","24","8","1.4","-0.9","84","10"
"2020","2","24","9","3.6","-0.3","76","10"
"2020","2","24","10","5.5","0.6","71","12"
"2020","2","24","11","6.8","0.2","63","13"
"2020","2","24","12","7.6","-0.8","55","9"
"2020","2","24","13","8.8","-0.5","52","17"
"2020","2","24","14","8.6","-1.1","50","16"
"2020","2","24","15","8.8","-1.5","48","10"
"2020","2","24","16","8.8","-2.6","44","8"
"2020","2","24","17","8","-3.1","45","9"
"2020","2","24","18","6.6","-3.1","50","8"
"2020","2","24","19","5.3","-1.8","60","12"
"2020","2","24","20","4.8","-1.7","63","17"
"2020","2","24","21","4.5","-1.8","64","17"
"2020","2","24","22","3.8","-2.3","64","18"
"2020","2","24","23","3.4","-2.6","65","15"
"2020","2","25","0","3.1","-2.3","68","14"
"2020","2","25","1","3","-3.3","63","17"
"2020","2","25","2","3","-3.2","63","16"
"2020","2","25","3","1.8","-1.8","77","21"
"2020","2","25","4","0.8","-0.2","93","21"
"2020","2","25","5","1","-0.1","93","4"
"2020","2","25","6","0.8","-0.1","94","11"
"2020","2","25","7","0.3","-0.4","95","18"
"2020","2","25","8","0.4","0","97","20"
"2020","2","25","9","0.7","0.2","97","20"
"2020","2","25","10","1.4","0.8","96","21"
"2020","2","25","11","2.2","1.3","94","23"
"2020","2","25","12","2.6","1.5","92","25"
"2020","2","25","13","3.1","1.5","89","24"
"2020","2","25","14","3.2","0.7","84","27"
"2020","2","25","15","4.2","0.1","75","26"
"2020","2","25","16","4.2","-1.3","67","24"
"2020","2","25","17","4.3","-1.8","65","25"
"2020","2","25","18","3.8","-2.3","64","21"
"2020","2","25","19","3","-2.4","68","13"
"2020","2","25","20","2.1","-2.6","71","17"
"2020","2","25","21","2","-2.8","71","15"
"2020","2","25","22","1.9","-2.7","71","19"
"2020","2","25","23","1.8","-2.5","73","16"
"2020","2","26","0","3.1","-3.4","62","24"
"2020","2","26","1","2.7","-3.9","62","26"
"2020","2","26","2","2.1","-4.2","63","25"
"2020","2","26","3","1.8","-4.9","61","26"
"2020","2","26","4","1.6","-5.2","61","25"
"2020","2","26","5","0.8","-3.5","73","26"
"2020","2","26","6","-0.3","-2.1","87","23"
"2020","2","26","7","-0.8","-2.1","91","28"
"2020","2","26","8","-0.9","-2.4","90","30"
"2020","2","26","9","-1.2","-2.2","93","22"
"2020","2","26","10","-1","-2.1","92","22"
"2020","2","26","11","-1.1","-2.1","93","24"
"2020","2","26","12","-1.4","-2.2","94","26"
"2020","2","26","13","-1.5","-2.7","92","32"
"2020","2","26","14","-1.4","-3.1","88","28"
"2020","2","26","15","-1.6","-3.1","90","25"
"2020","2","26","16","-1.7","-3","91","24"
"2020","2","26","17","-1.7","-2.6","94","22"
"2020","2","26","18","-1.8","-2.5","95","23"
"2020","2","26","19","-1.9","-2.8","94","18"
"2020","2","26","20","-2.3","-3.1","94","20"
"2020","2","26","21","-2.5","-3.4","94","16"
"2020","2","26","22","-3.4","-4.2","94","22"
"2020","2","26","23","-3.5","-4.5","93","14"
"2020","2","27","0","-3.9","-5","92","21"
"2020","2","27","1","-4.3","-5.6","91","24"
"2020","2","27","2","-4.3","-5.9","89","27"
"2020","2","27","3","-4.5","-6","89","26"
"2020","2","27","4","-5","-6.4","90","32"
"2020","2","27","5","-5.3","-7","88","28"
"2020","2","27","6","-5.8","-7.9","85","32"
"2020","2","27","7","-5.7","-8.2","82","27"
"2020","2","27","8","-4.9","-8.8","74","40"
"2020","2","27","9","-4.1","-7.9","75","33"
"2020","2","27","10","-4.8","-8.7","74","52"
"2020","2","27","11","-5.1","-9.4","72","50"
"2020","2","27","12","-5","-9.4","71","48"
"2020","2","27","13","-4.4","-9.4","68","44"
"2020","2","27","14","-4","-9.4","66","56"
"2020","2","27","15","-4","-8.1","73","43"
"2020","2","27","16","-3.8","-8.7","69","28"
"2020","2","27","17","-4.3","-9.6","67","40"
"2020","2","27","18","-5","-10","68","41"
"2020","2","27","19","-5.5","-10.3","69","31"
"2020","2","27","20","-5.6","-9.7","73","35"
"2020","2","27","21","-5.9","-9.2","78","18"
"2020","2","27","22","-5.5","-9.4","75","26"
"2020","2","27","23","-5.8","-9.8","74","34"
"2020","2","28","0","-6","-10.5","71","24"
"2020","2","28","1","-6.1","-10.5","71","28"
"2020","2","28","2","-6.1","-10.4","72","30"
"2020","2","28","3","-6.2","-10.3","73","30"
"2020","2","28","4","-6.1","-9.7","76","30"
"2020","2","28","5","-6.4","-10.2","75","31"
"2020","2","28","6","-6.4","-10.6","72","31"
"2020","2","28","7","-6.5","-10.9","71","31"
"2020","2","28","8","-6.2","-11.3","67","36"
"2020","2","28","9","-5.9","-11.2","66","35"
"2020","2","28","10","-5","-10.5","66","35"
"2020","2","28","11","-4.6","-10.8","62","44"
"2020","2","28","12","-4.5","-10.7","62","45"
"2020","2","28","13","-4.4","-10.1","64","37"
"2020","2","28","14","-3.9","-9.6","64","29"
"2020","2","28","15","-4","-10.1","63","35"
"2020","2","28","16","-4","-9.7","65","28"
"2020","2","28","17","-4.4","-9.8","66","32"
"2020","2","28","18","-4.7","-9.1","71","29"
"2020","2","28","19","-5.3","-7.5","85","14"
"2020","2","28","20","-7.2","-8.9","88","10"
"2020","2","28","21","-7.2","-9.4","84","9"
"2020","2","28","22","-7.7","-11.5","74","19"
"2020","2","28","23","-7.7","-12.2","71","22"
"2020","2","29","0","-8.6","-12.2","75","19"
"2020","2","29","1","-10.6","-14.1","75","9"
"2020","2","29","2","-11.2","-15.4","71","9"
"2020","2","29","3","-11.3","-15.9","69","9"
"2020","2","29","4","-12.1","-16.3","71","16"
"2020","2","29","5","-12.9","-16.5","75","13"
"2020","2","29","6","-13.7","-16.9","77","12"
"2020","2","29","7","-13.6","-17.8","71","9"
"2020","2","29","8","-13.7","-17.9","71","14"
"2020","2","29","9","-13.1","-17.7","69","17"
"2020","2","29","10","-11.8","-16.9","66","5"
"2020","2","29","11","-10.2","-16","63","7"
"2020","2","29","12","-7.9","-15.6","54","38"
"2020","2","29","13","-7.3","-14.7","56","23"
"2020","2","29","14","-6.8","-13.3","60","27"
"2020","2","29","15","-5.2","-12.7","56","28"
"2020","2","29","16","-4.2","-12.9","51","29"
"2020","2","29","17","-3.7","-12.1","52","32"
"2020","2","29","18","-4.2","-11.7","56","24"
"2020","2","29","19","-4.9","-11.4","61","18"
"2020","2","29","20","-5.7","-10.8","68","15"
"2020","2","29","21","-5.7","-11","66","17"
"2020","2","29","22","-7.5","-12.2","70","9"
"2020","2","29","23","-6.5","-11.1","70","12"
"2020","3","1","0","-8.9","-12.4","76","12"
"2020","3","1","1","-8.7","-11.8","79","12"
"2020","3","1","2","-9.2","-12","80","10"
"2020","3","1","3","-9.7","-12.8","78","4"
"2020","3","1","4","-9.2","-12.7","76","13"
"2020","3","1","5","-9.1","-12.2","78","7"
"2020","3","1","6","-8.9","-12.1","78","4"
"2020","3","1","7","-8.9","-12.1","78","4"
"2020","3","1","8","-8.3","-11.8","76","10"
"2020","3","1","9","-5.1","-9.8","70","11"
"2020","3","1","10","-2.7","-8.7","63","11"
"2020","3","1","11","-0.2","-7.7","58","12"
"2020","3","1","12","0.6","-9.9","45","18"
"2020","3","1","13","1.1","-6.1","59","30"
"2020","3","1","14","1.5","-7.8","50","28"
"2020","3","1","15","2.5","-7.7","47","27"
"2020","3","1","16","1.2","-4.3","67","32"
"2020","3","1","17","1","-5.7","61","25"
"2020","3","1","18","0.8","-6.1","60","26"
"2020","3","1","19","0.8","-7.2","55","23"
"2020","3","1","20","1.2","-5.7","60","13"
"2020","3","1","21","1.8","-3.3","69","13"
"2020","3","1","22","2.2","-3.5","66","11"
"2020","3","1","23","1.7","-3.2","70","8"
"2020","3","2","0","1.8","-3.5","68","10"
"2020","3","2","1","2.3","-2.4","71","9"
"2020","3","2","2","2.9","-2.7","67","10"
"2020","3","2","3","3.1","-3","64","18"
"2020","3","2","4","3","-3.8","61","19"
"2020","3","2","5","3.8","-2.8","62","17"
"2020","3","2","6","4.9","-1.4","63","21"
"2020","3","2","7","5.3","-0.5","66","18"
"2020","3","2","8","6.1","0.6","68","22"
"2020","3","2","9","6.6","2.1","73","25"
"2020","3","2","10","6.4","3.6","82","25"
"2020","3","2","11","6.7","4.9","88","27"
"2020","3","2","12","6.5","5.1","91","26"
"2020","3","2","13","6.3","5.5","95","20"
"2020","3","2","14","6.3","5.6","95","14"
"2020","3","2","15","6.3","5.4","94","22"
"2020","3","2","16","6.3","5.2","93","16"
"2020","3","2","17","5.7","4.8","94","15"
"2020","3","2","18","4.8","3.6","92","14"
"2020","3","2","19","4.2","2.6","89","9"
"2020","3","2","20","2.9","1.4","90","14"
"2020","3","2","21","2.4","1.3","93","15"
"2020","3","2","22","1.4","0.2","92","14"
"2020","3","2","23","1","-0.3","91","16"
"2020","3","3","0","1.7","0.2","90","15"
"2020","3","3","1","1.4","0.2","92","14"
"2020","3","3","2","1.6","-0.4","87","12"
"2020","3","3","3","1.6","-0.6","85","17"
"2020","3","3","4","1.3","-0.6","88","20"
"2020","3","3","5","1.7","-0.6","85","4"
"2020","3","3","6","2.4","-0.4","82","11"
"2020","3","3","7","2.5","-0.7","79","21"
"2020","3","3","8","2.5","0.4","86","25"
"2020","3","3","9","2.9","0.7","85","25"
"2020","3","3","10","2.8","1.8","93","24"
"2020","3","3","11","3.1","2.5","96","10"
"2020","3","3","12","3.2","2.7","96","17"
"2020","3","3","13","3.8","3.2","96","18"
"2020","3","3","14","3.5","2.9","96","14"
"2020","3","3","15","3.1","2.6","96","17"
"2020","3","3","16","3.6","3","96","12"
"2020","3","3","17","3.6","2.9","95","12"
"2020","3","3","18","3.5","1.7","88","8"
"2020","3","3","19","2.9","1.6","91","8"
"2020","3","3","20","1.9","0.8","93","5"
"2020","3","3","21","1.6","0.5","92","8"
"2020","3","3","22","1","-0.1","92","12"
"2020","3","3","23","1","-0.2","92","13"
"2020","3","4","0","2.2","0","86","15"
"2020","3","4","1","2.4","0.3","86","28"
"2020","3","4","2","2.4","0","84","23"
"2020","3","4","3","2.4","-0.9","79","20"
"2020","3","4","4","2.3","-1","79","12"
"2020","3","4","5","2.1","-0.9","80","14"
"2020","3","4","6","1.8","-0.8","83","16"
"2020","3","4","7","0.9","-1.6","84","13"
"2020","3","4","8","1.6","-1.1","82","16"
"2020","3","4","9","2.8","-1.1","76","18"
"2020","3","4","10","3.8","-0.6","73","13"
"2020","3","4","11","4.4","-0.2","72","23"
"2020","3","4","12","5.4","-0.4","66","27"
"2020","3","4","13","4.7","-0.9","67","14"
"2020","3","4","14","5.2","-2.5","58","33"
"2020","3","4","15","4.8","-2.2","60","32"
"2020","3","4","16","1.7","-0.8","84","24"
"2020","3","4","17","3.1","-2.9","64","27"
"2020","3","4","18","2.2","-3.3","67","28"
"2020","3","4","19","1.1","-4.1","69","20"
"2020","3","4","20","0.9","-3.7","71","8"
"2020","3","4","21","1.1","-3.8","70","13"
"2020","3","4","22","1.4","-5","63","22"
"2020","3","4","23","1.4","-5.2","61","27"
"2020","3","5","0","1.1","-6.5","57","30"
"2020","3","5","1","1","-5.9","60","33"
"2020","3","5","2","0.7","-5.8","62","24"
"2020","3","5","3","0.1","-6.5","61","28"
"2020","3","5","4","-0.8","-7.2","62","25"
"2020","3","5","5","-0.9","-6.7","65","14"
"2020","3","5","6","-2.9","-7.1","73","11"
"2020","3","5","7","-3","-6.9","74","11"
"2020","3","5","8","-0.4","-6.3","65","19"
"2020","3","5","9","0.8","-6.8","57","6"
"2020","3","5","10","1.6","-7","53","18"
"2020","3","5","11","2.5","-6.6","51","15"
"2020","3","5","12","4","-5.5","50","13"
"2020","3","5","13","4.1","-6","48","9"
"2020","3","5","14","5.3","-6.2","43","16"
"2020","3","5","15","5.3","-5","48","20"
"2020","3","5","16","5.2","-4.2","51","19"
"2020","3","5","17","4.6","-4.7","51","21"
"2020","3","5","18","3.4","-6.2","49","13"
"2020","3","5","19","2.5","-5.7","55","8"
"2020","3","5","20","2.3","-5.5","56","9"
"2020","3","5","21","2.6","-7.4","48","17"
"2020","3","5","22","1.4","-1.3","82","18"
"2020","3","5","23","1","-1.4","84","15"
"2020","3","6","0","1.1","-1.5","83","11"
"2020","3","6","1","0.9","-1.8","83","15"
"2020","3","6","2","1.4","-2.9","73","25"
"2020","3","6","3","1.2","-2.3","77","26"
"2020","3","6","4","0.7","-2.2","81","23"
"2020","3","6","5","1","-2.6","77","21"
"2020","3","6","6","1.1","-2.3","78","18"
"2020","3","6","7","0.4","-3.9","73","7"
"2020","3","6","8","0.1","-4.1","74","14"
"2020","3","6","9","0.8","-3.8","72","20"
"2020","3","6","10","-0.1","-1.6","90","19"
"2020","3","6","11","-0.1","-0.9","94","15"
"2020","3","6","12","0.4","-0.4","95","17"
"2020","3","6","13","1","0.4","95","17"
"2020","3","6","14","1.8","0.4","91","17"
"2020","3","6","15","1.6","-0.4","86","21"
"2020","3","6","16","1.2","-0.5","89","18"
"2020","3","6","17","0.8","-1.2","86","24"
"2020","3","6","18","0.7","-2.7","78","21"
"2020","3","6","19","0.4","-3.4","76","22"
"2020","3","6","20","0.1","-3.9","75","19"
"2020","3","6","21","0.3","-5.3","67","23"
"2020","3","6","22","0","-6.3","63","26"
"2020","3","6","23","-0.4","-6.5","63","20"
"2020","3","7","0","-1.3","-7.5","63","10"
"2020","3","7","1","-2.2","-8.2","64","14"
"2020","3","7","2","-3.4","-9.5","63","14"
"2020","3","7","3","-4.7","-10.3","65","10"
"2020","3","7","4","-5.4","-10.8","66","19"
"2020","3","7","5","-6.3","-11","70","16"
"2020","3","7","6","-6.8","-11.4","70","17"
"2020","3","7","7","-6.7","-12.1","65","6"
"2020","3","7","8","-5.9","-12.4","60","9"
"2020","3","7","9","-4.8","-11.7","59","11"
"2020","3","7","10","-3.2","-11.4","54","11"
"2020","3","7","11","-2.1","-11.9","47","5"
"2020","3","7","12","-0.6","-11.5","44","12"
"2020","3","7","13","1.1","-10.8","41","12"
"2020","3","7","14","2.9","-9.8","39","11"
"2020","3","7","15","3.4","-10.9","34","14"
"2020","3","7","16","3.3","-10.5","36","9"
"2020","3","7","17","2.4","-10.4","38","8"
"2020","3","7","18","1.1","-9.3","46","13"
"2020","3","7","19","0.7","-9","49","16"
"2020","3","7","20","1","-8.1","51","19"
"2020","3","7","21","0.8","-6.2","60","20"
"2020","3","7","22","0.1","-4.1","73","23"
"2020","3","7","23","-0.3","-5.4","68","20"
"2020","3","8","0","-0.1","-5.5","67","21"
"2020","3","8","1","0.8","-4.7","67","22"
"2020","3","8","2","1","-4","69","16"
"2020","3","8","3","1.1","-3.9","69","19"
"2020","3","8","4","1.1","-3.5","72","16"
"2020","3","8","5","1","-3.2","74","17"
"2020","3","8","6","0.7","-3.1","76","17"
"2020","3","8","7","0.8","-2.9","77","15"
"2020","3","8","8","2.4","-2.6","70","17"
"2020","3","8","9","3.8","-2.6","63","19"
"2020","3","8","10","6.2","-2.7","53","19"
"2020","3","8","11","8","-3.3","45","21"
"2020","3","8","12","9.8","-2.5","42","28"
"2020","3","8","13","10.7","-1.9","41","28"
"2020","3","8","14","11.5","-1.9","39","31"
"2020","3","8","15","11.8","-1.3","40","27"
"2020","3","8","16","11.9","-3.8","33","37"
"2020","3","8","17","11.8","-4.6","31","29"
"2020","3","8","18","10.2","-4.9","34","28"
"2020","3","8","19","9.6","-4.1","38","26"
"2020","3","8","20","9","-3.6","41","21"
"2020","3","8","21","9.2","-3.1","42","19"
"2020","3","8","22","9.6","-2.6","42","20"
"2020","3","8","23","9.9","-2.7","41","20"
"2020","3","9","0","10.3","-2.7","40","26"
"2020","3","9","1","10.2","-2.5","41","21"
"2020","3","9","2","9.4","-2","44","21"
"2020","3","9","3","9.1","-1.6","47","22"
"2020","3","9","4","8.5","-1.5","49","23"
"2020","3","9","5","8.7","-1.1","50","27"
"2020","3","9","6","8.4","-1.1","51","18"
"2020","3","9","7","8.3","-0.7","53","17"
"2020","3","9","8","8.4","-0.4","54","17"
"2020","3","9","9","10.8","0.4","48","22"
"2020","3","9","10","13","1","44","18"
"2020","3","9","11","14.6","1.1","40","24"
"2020","3","9","12","16.2","2.1","38","18"
"2020","3","9","13","15.8","1.5","38","19"
"2020","3","9","14","16.7","2.3","38","32"
"2020","3","9","15","15.8","2.9","42","32"
"2020","3","9","16","15.4","2.6","42","31"
"2020","3","9","17","14.8","3","45","30"
"2020","3","9","18","14.1","4","50","27"
"2020","3","9","19","13.6","4.1","52","25"
"2020","3","9","20","13.1","4.6","56","21"
"2020","3","9","21","12.4","6.2","66","19"
"2020","3","9","22","12","8.1","77","22"
"2020","3","9","23","11.5","8.4","81","27"
"2020","3","10","0","11.2","8.1","81","21"
"2020","3","10","1","11.6","6.8","72","24"
"2020","3","10","2","11.3","6.5","72","19"
"2020","3","10","3","10.8","7","77","28"
"2020","3","10","4","10.3","7.5","83","27"
"2020","3","10","5","9.7","8.3","91","32"
"2020","3","10","6","9.7","8.7","94","38"
"2020","3","10","7","9.7","8.8","94","33"
"2020","3","10","8","9.9","9.2","95","27"
"2020","3","10","9","10.6","9.9","95","25"
"2020","3","10","10","11.1","10.2","94","27"
"2020","3","10","11","11.3","9.2","87","29"
"2020","3","10","12","9.9","6.9","82","22"
"2020","3","10","13","6.5","3.8","83","26"
"2020","3","10","14","5.8","2","77","34"
"2020","3","10","15","4.9","0.1","71","33"
"2020","3","10","16","4.8","-0.7","68","27"
"2020","3","10","17","4.2","-2.7","61","13"
"2020","3","10","18","3","-3.2","64","21"
"2020","3","10","19","1.6","-3.4","69","9"
"2020","3","10","20","1.6","-4.7","63","7"
"2020","3","10","21","0","-4.4","72","11"
"2020","3","10","22","-0.3","-4.5","74","8"
"2020","3","10","23","-0.1","-3.8","76","15"
"2020","3","11","0","-0.8","-4.2","78","4"
"2020","3","11","1","-1.4","-4.4","80","11"
"2020","3","11","2","-1.7","-4.6","80","7"
"2020","3","11","3","-1.4","-4.3","81","13"
"2020","3","11","4","-1.8","-4.5","82","11"
"2020","3","11","5","-2","-4.7","82","2"
"2020","3","11","6","-1.8","-4.7","81","11"
"2020","3","11","7","-1","-4","80","15"
"2020","3","11","8","0.4","-3.5","76","5"
"2020","3","11","9","1.1","-2.4","78","18"
"2020","3","11","10","2.1","-2.1","74","13"
"2020","3","11","11","2.2","-4.3","62","15"
"2020","3","11","12","2.7","-5.6","54","13"
"2020","3","11","13","3.4","-6.1","50","21"
"2020","3","11","14","3.3","-4.4","57","18"
"2020","3","11","15","2.8","-4","61","21"
"2020","3","11","16","2.3","-3.5","65","18"
"2020","3","11","17","1.6","-3.8","67","25"
"2020","3","11","18","0.9","-5","65","27"
"2020","3","11","19","0.5","-4.5","69","21"
"2020","3","11","20","0.4","-4.5","69","16"
"2020","3","11","21","0.5","-4.6","69","18"
"2020","3","11","22","0.7","-3.8","72","23"
"2020","3","11","23","0.7","-3.3","75","24"
"2020","3","12","0","0.5","-2.4","81","12"
"2020","3","12","1","0.5","-2.5","81","23"
"2020","3","12","2","0.5","-2.4","81","14"
"2020","3","12","3","0.4","-2.4","81","19"
"2020","3","12","4","0.4","-2.4","82","19"
"2020","3","12","5","0.2","-2.5","82","18"
"2020","3","12","6","0.1","-2.4","83","8"
"2020","3","12","7","0.1","-2.5","83","19"
"2020","3","12","8","0.8","-2.3","80","20"
"2020","3","12","9","1.9","-2.1","75","10"
"2020","3","12","10","2.8","-1.3","74","10"
"2020","3","12","11","3.2","-1.4","72","10"
"2020","3","12","12","3.1","-1.3","73","16"
"2020","3","12","13","3.8","-0.5","73","15"
"2020","3","12","14","4.1","-0.6","71","16"
"2020","3","12","15","4.4","-0.2","72","14"
"2020","3","12","16","5.1","-0.3","68","22"
"2020","3","12","17","4.5","0.3","74","18"
"2020","3","12","18","4.1","0.3","76","20"
"2020","3","12","19","3.5","-0.2","77","13"
"2020","3","12","20","4.2","0.6","77","16"
"2020","3","12","21","5.3","1.4","76","28"
"2020","3","12","22","5.9","1.6","74","16"
"2020","3","12","23","5.1","2.5","83","14"
"2020","3","13","0","4.8","2.9","88","16"
"2020","3","13","1","4.7","3.5","92","7"
"2020","3","13","2","4.9","3.8","92","5"
"2020","3","13","3","5.3","4.4","94","10"
"2020","3","13","4","5.8","5.2","96","21"
"2020","3","13","5","6.7","6.3","97","19"
"2020","3","13","6","8.3","7.7","96","17"
"2020","3","13","7","5.6","2.6","81","43"
"2020","3","13","8","5.3","0.7","72","38"
"2020","3","13","9","4.8","0","71","44"
"2020","3","13","10","6.2","-1.6","57","50"
"2020","3","13","11","5.2","-0.6","66","32"
"2020","3","13","12","7","-2","53","47"
"2020","3","13","13","5.4","-5.2","46","48"
"2020","3","13","14","4.7","-5.9","46","46"
"2020","3","13","15","4.7","-6.8","43","50"
"2020","3","13","16","5.8","-4.7","47","27"
"2020","3","13","17","4.8","-6.2","45","43"
"2020","3","13","18","3.6","-5.2","52","27"
"2020","3","13","19","3.2","-5","55","19"
"2020","3","13","20","3.6","-4.8","54","42"
"2020","3","13","21","3.3","-5","55","38"
"2020","3","13","22","2.7","-5.2","56","35"
"2020","3","13","23","2","-4.7","61","25"
"2020","3","14","0","1.7","-5.2","60","26"
"2020","3","14","1","1.1","-5.4","62","23"
"2020","3","14","2","1.1","-5.5","61","23"
"2020","3","14","3","1.2","-5.5","61","36"
"2020","3","14","4","0.6","-5.4","64","29"
"2020","3","14","5","0.6","-5.1","66","37"
"2020","3","14","6","0.8","-4.8","66","29"
"2020","3","14","7","0.5","-4.8","68","28"
"2020","3","14","8","1","-4.8","66","26"
"2020","3","14","9","1.5","-4.8","63","31"
"2020","3","14","10","1.8","-4.6","63","27"
"2020","3","14","11","2.2","-4.3","62","15"
"2020","3","14","12","2.5","-4.1","62","21"
"2020","3","14","13","2.5","-4.3","61","17"
"2020","3","14","14","3","-3.9","60","16"
"2020","3","14","15","3","-3.9","60","9"
"2020","3","14","16","3.1","-4.1","59","5"
"2020","3","14","17","3.1","-4","59","9"
"2020","3","14","18","1.6","-3.8","67","17"
"2020","3","14","19","0.4","-4.4","70","23"
"2020","3","14","20","0.1","-4.4","72","8"
"2020","3","14","21","-0.1","-4.7","71","14"
"2020","3","14","22","-0.3","-4.8","72","16"
"2020","3","14","23","-0.2","-4.6","72","10"
"2020","3","15","0","-0.9","-5.3","72","12"
"2020","3","15","1","-1.3","-5","76","13"
"2020","3","15","2","-1","-5.7","71","17"
"2020","3","15","3","-1","-7.4","62","17"
"2020","3","15","4","-2.4","-10.2","55","20"
"2020","3","15","5","-2.4","-10.9","52","17"
"2020","3","15","6","-3.2","-11.4","53","22"
"2020","3","15","7","-3.5","-12","52","18"
"2020","3","15","8","-2.4","-13.1","44","27"
"2020","3","15","9","-1.3","-14.5","36","27"
"2020","3","15","10","-0.5","-15.5","32","22"
"2020","3","15","11","1.4","-14.2","30","23"
"2020","3","15","12","1.8","-14.7","29","14"
"2020","3","15","13","2.2","-16.6","24","13"
"2020","3","15","14","3","-17.2","21","3"
"2020","3","15","15","2.8","-11.1","35","16"
"2020","3","15","16","2.4","-10.4","38","24"
"2020","3","15","17","1.6","-10.5","40","9"
"2020","3","15","18","1.2","-14.9","29","25"
"2020","3","15","19","0.1","-15.4","30","26"
"2020","3","15","20","-0.8","-15.3","33","22"
"2020","3","15","21","-1.6","-10.8","50","17"
"2020","3","15","22","-2.7","-10.3","56","14"
"2020","3","15","23","-3.3","-10.2","59","13"
"2020","3","16","0","-3.5","-10.2","60","16"
"2020","3","16","1","-4.1","-9.9","64","14"
"2020","3","16","2","-4.6","-9.8","67","13"
"2020","3","16","3","-5.1","-9.8","70","19"
"2020","3","16","4","-4.2","-9.6","66","17"
"2020","3","16","5","-2","-8.2","63","13"
"2020","3","16","6","-2","-8.1","63","13"
"2020","3","16","7","-1.8","-8.1","62","15"
"2020","3","16","8","-1","-8.4","57","23"
"2020","3","16","9","0.1","-9.3","50","26"
"2020","3","16","10","0.8","-10.9","41","21"
"2020","3","16","11","2.1","-14.2","29","21"
"2020","3","16","12","1.6","-12.6","34","20"
"2020","3","16","13","2","-11","38","20"
"2020","3","16","14","2.8","-10.6","37","17"
"2020","3","16","15","3.9","-10","36","9"
"2020","3","16","16","3.9","-7","45","14"
"2020","3","16","17","2.8","-6.2","52","18"
"2020","3","16","18","2.1","-5.5","57","21"
"2020","3","16","19","1.3","-4.8","64","22"
"2020","3","16","20","1.5","-4.5","65","14"
"2020","3","16","21","0.3","-1.6","87","18"
"2020","3","16","22","0.2","-0.6","94","17"
"2020","3","16","23","0.7","-0.1","94","18"
"2020","3","17","0","1","0.1","93","22"
"2020","3","17","1","1.6","0.7","93","16"
"2020","3","17","2","1.9","0.9","93","22"
"2020","3","17","3","2.1","1","93","18"
"2020","3","17","4","2.4","1.2","92","22"
"2020","3","17","5","2.8","1.3","90","22"
"2020","3","17","6","3.1","1.5","90","18"
"2020","3","17","7","3.1","1.7","90","15"
"2020","3","17","8","3.7","2","88","14"
"2020","3","17","9","4.6","1.8","82","15"
"2020","3","17","10","4.7","0.9","76","18"
"2020","3","17","11","5.2","2","79","18"
"2020","3","17","12","5.6","-0.6","64","30"
"2020","3","17","13","7","-1","57","31"
"2020","3","17","14","6.8","-2.8","50","33"
"2020","3","17","15","7.5","-2.7","48","40"
"2020","3","17","16","6","-2.9","53","34"
"2020","3","17","17","6.1","-5.4","44","34"
"2020","3","17","18","5.2","-7.3","40","25"
"2020","3","17","19","3.6","-7","46","17"
"2020","3","17","20","2.6","-6.9","50","6"
"2020","3","17","21","0.1","-6.8","60","11"
"2020","3","17","22","1.4","-6.6","55","12"
"2020","3","17","23","0","-6.5","62","15"
"2020","3","18","0","-0.4","-6.7","63","12"
"2020","3","18","1","-0.7","-6.5","65","5"
"2020","3","18","2","-1.3","-7.2","64","4"
"2020","3","18","3","-1.3","-7.1","65","12"
"2020","3","18","4","-2","-7.2","68","12"
"2020","3","18","5","-2.4","-7.3","69","4"
"2020","3","18","6","-1.6","-6.8","68","17"
"2020","3","18","7","-1.2","-6.2","69","13"
"2020","3","18","8","0.4","-6","62","10"
"2020","3","18","9","2.2","-9.1","43","16"
"2020","3","18","10","2.5","-9.8","40","16"
"2020","3","18","11","2.4","-8.3","45","16"
"2020","3","18","12","2.8","-8.1","45","13"
"2020","3","18","13","3.7","-9.2","38","18"
"2020","3","18","14","4.2","-9.6","36","22"
"2020","3","18","15","4.2","-7.9","41","22"
"2020","3","18","16","4","-5.7","49","23"
"2020","3","18","17","3.5","-6.5","48","27"
"2020","3","18","18","3.3","-6.4","49","27"
"2020","3","18","19","3.5","-7.9","43","28"
"2020","3","18","20","3.9","-6.4","47","31"
"2020","3","18","21","3.3","-3.9","59","31"
"2020","3","18","22","2.8","-3.3","64","27"
"2020","3","18","23","2.7","-2.9","67","27"
"2020","3","19","0","","","",""
"2020","3","19","1","","","",""
"2020","3","19","2","","","",""
"2020","3","19","3","","","",""
"2020","3","19","4","","","",""
"2020","3","19","5","","","",""
"2020","3","19","6","","","",""
"2020","3","19","7","","","",""
"2020","3","19","8","","","",""
"2020","3","19","9","","","",""
"2020","3","19","10","","","",""
"2020","3","19","11","","","",""
"2020","3","19","12","","","",""
"2020","3","19","13","","","",""
"2020","3","19","14","","","",""
"2020","3","19","15","","","",""
"2020","3","19","16","","","",""
"2020","3","19","17","","","",""
"2020","3","19","18","","","",""
"2020","3","19","19","","","",""
"2020","3","19","20","","","",""
"2020","3","19","21","","","",""
"2020","3","19","22","","","",""
"2020","3","19","23","","","",""
"2020","3","20","0","","","",""
"2020","3","20","1","","","",""
"2020","3","20","2","","","",""
"2020","3","20","3","","","",""
"2020","3","20","4","","","",""
"2020","3","20","5","","","",""
"2020","3","20","6","","","",""
"2020","3","20","7","","","",""
"2020","3","20","8","","","",""
"2020","3","20","9","","","",""
"2020","3","20","10","","","",""
"2020","3","20","11","","","",""
"2020","3","20","12","","","",""
"2020","3","20","13","","","",""
"2020","3","20","14","","","",""
"2020","3","20","15","","","",""
"2020","3","20","16","","","",""
"2020","3","20","17","","","",""
"2020","3","20","18","","","",""
"2020","3","20","19","","","",""
"2020","3","20","20","","","",""
"2020","3","20","21","","","",""
"2020","3","20","22","","","",""
"2020","3","20","23","","","",""
"2020","3","21","0","","","",""
"2020","3","21","1","","","",""
"2020","3","21","2","","","",""
"2020","3","21","3","","","",""
"2020","3","21","4","","","",""
"2020","3","21","5","","","",""
"2020","3","21","6","","","",""
"2020","3","21","7","","","",""
"2020","3","21","8","","","",""
"2020","3","21","9","","","",""
"2020","3","21","10","","","",""
"2020","3","21","11","","","",""
"2020","3","21","12","","","",""
"2020","3","21","13","","","",""
"2020","3","21","14","","","",""
"2020","3","21","15","","","",""
"2020","3","21","16","","","",""
"2020","3","21","17","","","",""
"2020","3","21","18","","","",""
"2020","3","21","19","","","",""
"2020","3","21","20","","","",""
"2020","3","21","21","","","",""
"2020","3","21","22","","","",""
"2020","3","21","23","","","",""
"2020","3","22","0","","","",""
"2020","3","22","1","","","",""
"2020","3","22","2","","","",""
"2020","3","22","3","","","",""
"2020","3","22","4","","","",""
"2020","3","22","5","","","",""
"2020","3","22","6","","","",""
"2020","3","22","7","","","",""
"2020","3","22","8","","","",""
"2020","3","22","9","","","",""
"2020","3","22","10","","","",""
"2020","3","22","11","","","",""
"2020","3","22","12","","","",""
"2020","3","22","13","","","",""
"2020","3","22","14","","","",""
"2020","3","22","15","","","",""
"2020","3","22","16","","","",""
"2020","3","22","17","","","",""
"2020","3","22","18","","","",""
"2020","3","22","19","","","",""
"2020","3","22","20","","","",""
"2020","3","22","21","","","",""
"2020","3","22","22","","","",""
"2020","3","22","23","","","",""
"2020","3","23","0","","","",""
"2020","3","23","1","","","",""
"2020","3","23","2","","","",""
"2020","3","23","3","","","",""
"2020","3","23","4","","","",""
"2020","3","23","5","","","",""
"2020","3","23","6","","","",""
"2020","3","23","7","","","",""
"2020","3","23","8","","","",""
"2020","3","23","9","","","",""
"2020","3","23","10","","","",""
"2020","3","23","11","","","",""
"2020","3","23","12","","","",""
"2020","3","23","13","","","",""
"2020","3","23","14","","","",""
"2020","3","23","15","","","",""
"2020","3","23","16","","","",""
"2020","3","23","17","","","",""
"2020","3","23","18","","","",""
"2020","3","23","19","","","",""
"2020","3","23","20","","","",""
"2020","3","23","21","","","",""
"2020","3","23","22","","","",""
"2020","3","23","23","","","",""
"2020","3","24","0","","","",""
"2020","3","24","1","","","",""
"2020","3","24","2","","","",""
"2020","3","24","3","","","",""
"2020","3","24","4","","","",""
"2020","3","24","5","","","",""
"2020","3","24","6","","","",""
"2020","3","24","7","","","",""
"2020","3","24","8","","","",""
"2020","3","24","9","","","",""
"2020","3","24","10","","","",""
"2020","3","24","11","","","",""
"2020","3","24","12","","","",""
"2020","3","24","13","","","",""
"2020","3","24","14","","","",""
"2020","3","24","15","","","",""
"2020","3","24","16","","","",""
"2020","3","24","17","","","",""
"2020","3","24","18","","","",""
"2020","3","24","19","","","",""
"2020","3","24","20","","","",""
"2020","3","24","21","","","",""
"2020","3","24","22","","","",""
"2020","3","24","23","","","",""
"2020","3","25","0","","","",""
"2020","3","25","1","","","",""
"2020","3","25","2","","","",""
"2020","3","25","3","","","",""
"2020","3","25","4","","","",""
"2020","3","25","5","","","",""
"2020","3","25","6","","","",""
"2020","3","25","7","","","",""
"2020","3","25","8","","","",""
"2020","3","25","9","","","",""
"2020","3","25","10","","","",""
"2020","3","25","11","","","",""
"2020","3","25","12","","","",""
"2020","3","25","13","","","",""
"2020","3","25","14","","","",""
"2020","3","25","15","","","",""
"2020","3","25","16","","","",""
"2020","3","25","17","","","",""
"2020","3","25","18","","","",""
"2020","3","25","19","","","",""
"2020","3","25","20","","","",""
"2020","3","25","21","","","",""
"2020","3","25","22","","","",""
"2020","3","25","23","","","",""
"2020","3","26","0","","","",""
"2020","3","26","1","","","",""
"2020","3","26","2","","","",""
"2020","3","26","3","","","",""
"2020","3","26","4","","","",""
"2020","3","26","5","","","",""
"2020","3","26","6","","","",""
"2020","3","26","7","","","",""
"2020","3","26","8","","","",""
"2020","3","26","9","","","",""
"2020","3","26","10","","","",""
"2020","3","26","11","","","",""
"2020","3","26","12","","","",""
"2020","3","26","13","","","",""
"2020","3","26","14","","","",""
"2020","3","26","15","","","",""
"2020","3","26","16","","","",""
"2020","3","26","17","","","",""
"2020","3","26","18","","","",""
"2020","3","26","19","","","",""
"2020","3","26","20","","","",""
"2020","3","26","21","","","",""
"2020","3","26","22","","","",""
"2020","3","26","23","","","",""
"2020","3","27","0","","","",""
"2020","3","27","1","","","",""
"2020","3","27","2","","","",""
"2020","3","27","3","","","",""
"2020","3","27","4","","","",""
"2020","3","27","5","","","",""
"2020","3","27","6","","","",""
"2020","3","27","7","","","",""
"2020","3","27","8","","","",""
"2020","3","27","9","","","",""
"2020","3","27","10","","","",""
"2020","3","27","11","","","",""
"2020","3","27","12","","","",""
"2020","3","27","13","","","",""
"2020","3","27","14","","","",""
"2020","3","27","15","","","",""
"2020","3","27","16","","","",""
"2020","3","27","17","","","",""
"2020","3","27","18","","","",""
"2020","3","27","19","","","",""
"2020","3","27","20","","","",""
"2020","3","27","21","","","",""
"2020","3","27","22","","","",""
"2020","3","27","23","","","",""
"2020","3","28","0","","","",""
"2020","3","28","1","","","",""
"2020","3","28","2","","","",""
"2020","3","28","3","","","",""
"2020","3","28","4","","","",""
"2020","3","28","5","","","",""
"2020","3","28","6","","","",""
"2020","3","28","7","","","",""
"2020","3","28","8","","","",""
"2020","3","28","9","","","",""
"2020","3","28","10","","","",""
"2020","3","28","11","","","",""
"2020","3","28","12","","","",""
"2020","3","28","13","","","",""
"2020","3","28","14","","","",""
"2020","3","28","15","","","",""
"2020","3","28","16","","","",""
"2020","3","28","17","","","",""
"2020","3","28","18","","","",""
"2020","3","28","19","","","",""
"2020","3","28","20","","","",""
"2020","3","28","21","","","",""
"2020","3","28","22","","","",""
"2020","3","28","23","","","",""
"2020","3","29","0","","","",""
"2020","3","29","1","","","",""
"2020","3","29","2","","","",""
"2020","3","29","3","","","",""
"2020","3","29","4","","","",""
"2020","3","29","5","","","",""
"2020","3","29","6","","","",""
"2020","3","29","7","","","",""
"2020","3","29","8","","","",""
"2020","3","29","9","","","",""
"2020","3","29","10","","","",""
"2020","3","29","11","","","",""
"2020","3","29","12","","","",""
"2020","3","29","13","","","",""
"2020","3","29","14","","","",""
"2020","3","29","15","","","",""
"2020","3","29","16","","","",""
"2020","3","29","17","","","",""
"2020","3","29","18","","","",""
"2020","3","29","19","","","",""
"2020","3","29","20","","","",""
"2020","3","29","21","","","",""
"2020","3","29","22","","","",""
"2020","3","29","23","","","",""
"2020","3","30","0","","","",""
"2020","3","30","1","","","",""
"2020","3","30","2","","","",""
"2020","3","30","3","","","",""
"2020","3","30","4","","","",""
"2020","3","30","5","","","",""
"2020","3","30","6","","","",""
"2020","3","30","7","","","",""
"2020","3","30","8","","","",""
"2020","3","30","9","","","",""
"2020","3","30","10","","","",""
"2020","3","30","11","","","",""
"2020","3","30","12","","","",""
"2020","3","30","13","","","",""
"2020","3","30","14","","","",""
"2020","3","30","15","","","",""
"2020","3","30","16","","","",""
"2020","3","30","17","","","",""
"2020","3","30","18","","","",""
"2020","3","30","19","","","",""
"2020","3","30","20","","","",""
"2020","3","30","21","","","",""
"2020","3","30","22","","","",""
"2020","3","30","23","","","",""
"2020","3","31","0","","","",""
"2020","3","31","1","","","",""
"2020","3","31","2","","","",""
"2020","3","31","3","","","",""
"2020","3","31","4","","","",""
"2020","3","31","5","","","",""
"2020","3","31","6","","","",""
"2020","3","31","7","","","",""
"2020","3","31","8","","","",""
"2020","3","31","9","","","",""
"2020","3","31","10","","","",""
"2020","3","31","11","","","",""
"2020","3","31","12","","","",""
"2020","3","31","13","","","",""
"2020","3","31","14","","","",""
"2020","3","31","15","","","",""
"2020","3","31","16","","","",""
"2020","3","31","17","","","",""
"2020","3","31","18","","","",""
"2020","3","31","19","","","",""
"2020","3","31","20","","","",""
"2020","3","31","21","","","",""
"2020","3","31","22","","","",""
"2020","3","31","23","","","",""
